Date,Open ,High ,Low ,Close ,Volume
4-Jan-16,105.45,105.77,102,105.74,533337
5-Jan-16,105.27,105.85,102.11,102.23,507793
6-Jan-16,102.24,102.37,99.66,100.97,624617
7-Jan-16,95.99,100.59,95.42,95.62,730588
8-Jan-16,96.66,99.11,96.66,97.01,649036
11-Jan-16,97.64,99.17,97.19,98.75,916329
12-Jan-16,98.22,100.7,98.22,100.29,449059
13-Jan-16,100.95,101.19,97.3,97.3,578776
14-Jan-16,97.53,100.48,95.74,99.25,577103
15-Jan-16,98.36,98.36,95.36,97.13,672586
19-Jan-16,97.88,99.25,95.5,96.5,460354
20-Jan-16,95.5,98.19,93.42,97.23,671331
21-Jan-16,91.02,97.88,91.02,96.45,457107
22-Jan-16,97.76,101.97,97.52,101.97,601322
25-Jan-16,102,102,99.15,99.45,465344
26-Jan-16,99.05,103.47,96.89,97.42,609642
27-Jan-16,97.05,97.3,93.34,93.86,1225627
28-Jan-16,94,94.79,92.39,93.65,506033
29-Jan-16,94.05,97.34,94.05,97.19,598696
1-Feb-16,97.1,97.34,95.4,96.21,375171
2-Feb-16,95.87,96.04,94.28,94.66,336560
3-Feb-16,94.92,96.84,94.08,95.99,413267
4-Feb-16,96.01,97.33,95.05,96.48,366649
5-Feb-16,96.77,96.95,93.69,93.95,418239
8-Feb-16,93.81,95.7,92.05,94.7,499965
9-Feb-16,94.75,95.94,93.93,95.1,406748
10-Feb-16,95.7,96.64,94,94,395094
11-Feb-16,93.8,94.72,92.16,93.6,458527
12-Feb-16,94.1,94.7,93.01,93.85,368897
16-Feb-16,93.84,96.85,93.8,96.35,444049
17-Feb-16,96.5,98.26,95.87,98.26,413694
18-Feb-16,98,99.1,96.09,96.3,327923
19-Feb-16,96.08,96.76,95.8,95.9,313986
22-Feb-16,96.38,97.25,95.92,96.61,314574
23-Feb-16,96.25,96.6,94.25,94.3,290914
24-Feb-16,94.2,96.38,93.32,96.28,330456
25-Feb-16,95.88,96.76,95.25,96.6,250207
26-Feb-16,96.85,98.03,96.58,96.86,266298
29-Feb-16,96.85,98.23,95.94,96.82,598913
1-Mar-16,96.64,100.77,96.64,100.61,465363
2-Mar-16,100.85,100.94,99.64,100.68,304996
3-Mar-16,100.85,101.82,100.45,101.73,320824
4-Mar-16,101.65,103.75,101.37,102.99,423270
7-Mar-16,103.01,103.18,100.96,101.69,323912
8-Mar-16,101.58,101.76,100.3,100.95,289717
9-Mar-16,101.48,101.91,100.27,101.18,492723
10-Mar-16,101.29,102.24,100.15,101.14,306333
11-Mar-16,102.25,102.36,101.17,102.22,247125
14-Mar-16,102.1,102.91,101.78,102.56,227898
15-Mar-16,102.81,105.18,102.13,104.62,361368
16-Mar-16,104.7,106.31,104.35,105.41,344616
17-Mar-16,105.42,106.47,104.96,105.92,305959
18-Mar-16,105.92,106.65,105.19,105.77,387524
21-Mar-16,105.82,107.65,105.14,105.93,323025
22-Mar-16,105.96,107.29,105.21,106.55,289197
23-Mar-16,106.7,107.07,105.9,106.1,236083
24-Mar-16,106.02,106.25,104.89,105.7,235512
28-Mar-16,105.88,106.28,104.99,105.1,174737
29-Mar-16,105.54,107.79,104.8,107.72,284925
30-Mar-16,107.91,110.42,107.5,109.53,405708
31-Mar-16,109.42,109.9,108.88,109.03,234618
1-Apr-16,108.69,110.04,108.2,110.02,231095
4-Apr-16,110.47,112.19,109.75,111,338680
5-Apr-16,110.5,111.12,109.13,110.11,239832
6-Apr-16,110.2,111.08,109.2,110.88,239513
7-Apr-16,110.6,111,108.12,108.39,280155
8-Apr-16,109.34,109.77,108.17,108.57,215575
11-Apr-16,108.66,110.61,108.66,108.71,265115
12-Apr-16,109.16,110.5,108.66,110.45,248695
13-Apr-16,110.51,112.34,110.51,112.14,300039
14-Apr-16,111.75,112.39,111.13,112.2,234407
15-Apr-16,111.8,112.3,109.51,109.6,412758
18-Apr-16,109.6,109.6,106.94,107.45,456101
19-Apr-16,108.18,108.37,106.23,106.68,297166
20-Apr-16,106.84,108.09,106.06,107.05,262698
21-Apr-16,107.27,107.53,104.91,105.2,290168
22-Apr-16,105.28,106.48,104.62,105.61,308619
25-Apr-16,105.22,105.65,104.51,105.11,258105
26-Apr-16,105.3,105.3,95.51,96.11,415240
27-Apr-16,98.75,98.75,95.58,97.99,1019091
28-Apr-16,98,98.1,94.25,95.08,753120
29-Apr-16,95.1,95.1,92.51,93.6,626257
2-May-16,96,96,92.4,93.82,444603
3-May-16,93.82,95.74,93.1,95.16,525524
4-May-16,95.55,95.9,93.82,94.35,368348
5-May-16,94.35,94.39,92.68,93.21,329074
6-May-16,93.24,93.48,91.85,92.67,407762
9-May-16,92.95,93.77,92.59,92.65,300696
10-May-16,93.05,93.57,92.11,93.3,310689
11-May-16,93.11,93.57,92.23,92.36,264027
12-May-16,92.5,92.99,89.47,90.02,704018
13-May-16,89.87,91.67,89,90.38,408026
16-May-16,90.69,94.39,90.56,93.95,558048
17-May-16,94,95,93.01,93.51,427379
18-May-16,93.69,95.21,93.51,94.77,389821
19-May-16,94.55,94.8,93.57,94.31,255367
20-May-16,94.7,95.43,94.35,95.13,292662
23-May-16,95.7,97.19,95.42,96.55,344279
24-May-16,97,98.2,96.84,98.2,320719
25-May-16,98.45,99.74,98.11,99.55,350211
26-May-16,99.85,100.73,98.64,100.54,368959
27-May-16,100.46,100.47,99.24,100.24,319515
31-May-16,100.35,100.5,98.82,99.85,382742
1-Jun-16,99.61,99.69,98.26,98.3,270135
2-Jun-16,98.03,98.03,96.63,97.79,372120
3-Jun-16,98,98.27,97.35,97.91,245771
6-Jun-16,97.92,101.89,97.55,98.62,215144
7-Jun-16,98.77,99.87,98.77,98.97,204952
8-Jun-16,99.05,99.56,98.68,98.83,185954
9-Jun-16,98.5,99.99,98.46,99.68,239960
10-Jun-16,99.5,99.5,98.48,98.95,277566
13-Jun-16,98.84,99.12,97.1,97.2,347054
14-Jun-16,96.94,98.48,96.7,97.35,293628
15-Jun-16,97.66,98.41,96.98,97.05,272950
16-Jun-16,97.14,97.75,96.07,97.59,286370
17-Jun-16,97.47,97.47,95.01,95.04,518755
20-Jun-16,95.45,96.57,95.03,95.08,319728
21-Jun-16,95.08,96.51,94.67,96.36,322425
22-Jun-16,96.05,96.89,95.35,95.8,264898
23-Jun-16,96.05,96.58,95.25,95.92,298828
24-Jun-16,93.57,94.66,92.36,93.26,609666
27-Jun-16,93,93.17,91.5,92.02,420836
28-Jun-16,92.55,93.74,92.14,93.58,366382
29-Jun-16,93.8,94.55,93.63,94.35,336191
30-Jun-16,94.35,95.77,94,95.4,324187
1-Jul-16,95.39,96.47,95.15,95.96,233492
5-Jul-16,95.8,95.8,94.46,95.03,250080
6-Jul-16,94.87,95.66,94.37,95.5,287861
7-Jul-16,95.69,96.5,95.51,95.86,224091
8-Jul-16,96.1,96.89,95.8,96.6,264340
11-Jul-16,96.95,97.65,96.74,96.91,219530
12-Jul-16,96.94,97.7,96.94,97.42,222318
13-Jul-16,97.51,97.88,96.71,96.8,238212
14-Jul-16,96.97,98.99,96.97,98.6,365739
15-Jul-16,98.81,99.3,98.38,98.5,275735
18-Jul-16,98.77,100.13,98.6,99.78,337379
19-Jul-16,99.45,100.01,99.25,99.92,219213
20-Jul-16,99.84,100.46,99.73,100.18,247570
21-Jul-16,100.28,101,98.87,99.07,291687
22-Jul-16,99.25,99.3,98.31,98.38,262356
25-Jul-16,98.66,98.84,96.92,97.06,360051
26-Jul-16,97.09,103.84,96.16,103.25,437516
27-Jul-16,101.86,104.67,101.86,103.44,807818
28-Jul-16,103.4,104.58,102.7,104.54,355843
29-Jul-16,104,104.55,103.68,104.25,252828
1-Aug-16,104.4,106.24,104.21,106.19,354232
2-Aug-16,106,106.3,94.66,104.44,313788
3-Aug-16,104.41,105.92,104.32,105.88,278348
4-Aug-16,106,106,105.22,105.85,251298
5-Aug-16,99.65,107.65,99.65,107.54,358780
8-Aug-16,107.54,108.43,107.16,108.37,262377
9-Aug-16,108.41,108.94,108.01,108.67,240929
10-Aug-16,108.67,108.93,107.76,107.88,224222
11-Aug-16,108,108.93,107.85,108.03,255257
12-Aug-16,107.93,108.44,107.76,108.11,173485
15-Aug-16,108.27,109.99,108.08,109.97,239184
16-Aug-16,109.99,110.23,109.21,109.38,289661
17-Aug-16,109.63,109.64,108.34,109.24,228211
18-Aug-16,109.35,109.6,108.95,109.21,207341
19-Aug-16,109.02,109.69,108.36,109.42,238647
22-Aug-16,109,109.79,107.85,108.28,238754
23-Aug-16,108.35,109.32,108.35,108.88,199823
24-Aug-16,108.94,109.05,107.68,107.9,220797
25-Aug-16,107.97,108.05,106.67,107.59,228996
26-Aug-16,107.4,107.95,106.31,106.9,258976
29-Aug-16,106.7,107.44,106.29,106.62,234812
30-Aug-16,106.59,107.1,103.5,105.99,231876
31-Aug-16,105.92,109.17,105.64,105.99,278602
1-Sep-16,106.13,106.8,105.62,106.74,221112
2-Sep-16,106.75,108,106.74,107.75,242522
6-Sep-16,107.96,108.3,107.51,107.86,253760
7-Sep-16,107.87,108.76,107.07,108.15,395115
8-Sep-16,108.21,108.36,105.24,105.43,495471
9-Sep-16,105.39,105.72,102.79,102.79,437141
12-Sep-16,102.01,105.8,101.8,105.71,424716
13-Sep-16,105.28,108.79,104.9,107.81,580498
14-Sep-16,108.23,113.03,107.66,111.91,1066001
15-Sep-16,111.7,115.73,111.51,115.41,857404
16-Sep-16,115.53,116.13,114.04,114.94,730278
19-Sep-16,115.05,116.18,113.25,113.4,445704
20-Sep-16,113.58,114.12,112.51,113.65,319443
21-Sep-16,114.02,114.94,112.44,113.66,341405
22-Sep-16,113.71,114.94,113.68,114.6,287907
23-Sep-16,114.45,114.91,111.55,112.23,499746
26-Sep-16,111.29,113.39,111.01,112.93,282796
27-Sep-16,113.5,113.56,112.34,113.05,227742
28-Sep-16,113.1,114.64,113.08,113.85,276703
29-Sep-16,113.85,113.95,111.8,112.19,339296
30-Sep-16,111.75,113.37,111.5,113.05,348308
3-Oct-16,112.97,113.4,112.28,112.63,201197
4-Oct-16,112.52,114.31,112.3,112.89,280343
5-Oct-16,114.29,114.29,112.69,113.46,202434
6-Oct-16,113.25,114.34,112.8,113.81,268599
7-Oct-16,113.8,114.56,113.51,113.93,230483
10-Oct-16,114.15,116.75,113.59,116.36,339141
11-Oct-16,116.41,119,115.75,116.49,606482
12-Oct-16,116.85,117.98,116.05,117.23,357782
13-Oct-16,116.9,117.44,115.72,116.98,335042
14-Oct-16,117.23,118.17,116.67,117.6,323966
17-Oct-16,117.64,118,116.78,117.8,221954
18-Oct-16,117.9,118.5,117.2,117.41,223413
19-Oct-16,117.08,117.85,113.8,117.03,187197
20-Oct-16,117.22,117.38,116.33,117.17,228038
21-Oct-16,117.17,117.26,116.28,116.54,218773
24-Oct-16,116.67,117.74,116.6,117.7,218633
25-Oct-16,117.96,126.32,114.56,114.95,452231
26-Oct-16,114.35,118.18,113.31,115.54,623653
27-Oct-16,115.59,115.95,114.1,114.22,325499
28-Oct-16,114,115.3,113.45,113.61,359429
31-Oct-16,113.89,114.23,113.2,113.54,249981
1-Nov-16,113.78,115.15,110.53,111.4,403196
2-Nov-16,111.2,117.63,110.7,110.91,249790
3-Nov-16,110.74,111.46,109.43,109.65,249633
4-Nov-16,109.83,110.25,107.71,108.8,285553
7-Nov-16,110.65,110.81,109.46,110.34,299727
8-Nov-16,110.26,111.72,109.7,111.46,222325
9-Nov-16,107.99,111.32,107.7,111,538972
10-Nov-16,111.54,112,105.83,107.7,526557
11-Nov-16,107.5,108.87,106.5,108.52,317147
14-Nov-16,108.78,108.85,104.08,105.5,469571
15-Nov-16,105.87,107.68,105.6,107.11,294491
16-Nov-16,107.11,110.23,106.3,109.99,357876
17-Nov-16,109.99,110.35,108.83,109.85,265092
18-Nov-16,109.54,111,109.13,110.27,241981
21-Nov-16,110.2,111.99,110,111.8,264092
22-Nov-16,112,112.42,111.4,111.77,234873
23-Nov-16,111.79,111.9,110.33,111.15,253974
25-Nov-16,110.71,112,110.45,111.75,106703
28-Nov-16,111.65,112.47,111.18,111.5,240426
29-Nov-16,111.53,112.03,110.07,111.46,264540
30-Nov-16,111.46,112.2,110.27,110.65,329658
1-Dec-16,110.24,110.94,109.03,109.7,329803
2-Dec-16,109.3,110.09,108.76,109.84,228876
5-Dec-16,110.01,110.56,108.25,109.11,292923
6-Dec-16,109.34,110.45,109.1,109.93,240325
7-Dec-16,110.08,111.19,108.83,110.85,273945
8-Dec-16,110.95,112.43,110.5,112.3,242010
9-Dec-16,112,114.7,111.62,113.79,313158
12-Dec-16,113.42,115,112.49,113.13,240091
13-Dec-16,113.13,115.92,113.13,115.28,377164
14-Dec-16,115.25,116.2,114.83,115.29,305815
15-Dec-16,115.02,116.73,114.68,115.9,274888
16-Dec-16,115.53,116.53,115.35,115.92,369310
19-Dec-16,115.82,117.38,115.6,116.64,227410
20-Dec-16,116.5,117.5,116.27,116.96,185960
21-Dec-16,116.87,117.4,116.66,117,167686
22-Dec-16,116,117.06,115.64,116,237129
23-Dec-16,115.91,116.56,115.59,116.55,130076
27-Dec-16,116.55,117.8,116.49,117.26,166674
28-Dec-16,117.38,118.02,116.2,116.65,182568
29-Dec-16,116.71,117.11,116.4,116.82,134914
30-Dec-16,117,117.29,115.43,115.59,271997
3-Jan-17,116.02,116.4,114.76,116.07,266845
4-Jan-17,115.97,116.51,115.69,116,190895
5-Jan-17,115.85,116.87,115.77,116.7,205716
6-Jan-17,116.57,118.16,116,117.84,291787
9-Jan-17,118,119.43,117.51,118.91,311647
10-Jan-17,119.15,119.38,118.3,119.15,224480
11-Jan-17,119.11,119.93,118.6,119.75,256184
12-Jan-17,119.6,119.6,118.21,119.19,251892
13-Jan-17,119.18,119.62,118.81,119.02,228801
17-Jan-17,118.74,120.24,118.22,119.96,311195
18-Jan-17,120,120.5,119.71,119.98,211177
19-Jan-17,119.91,120.25,119.12,119.83,215633
20-Jan-17,119.79,120.45,119.5,120.04,278012
23-Jan-17,119.5,120.81,119.5,120.19,193253
24-Jan-17,119.5,120.1,118.91,119.98,213152
25-Jan-17,120.1,122.1,120.1,121.85,295955
26-Jan-17,122,122.44,121.6,121.92,219394
27-Jan-17,121.87,122.35,121.02,121.55,183930
30-Jan-17,121.03,121.9,120.66,121.85,282059
31-Jan-17,121.35,125.61,119.06,125.02,458691
1-Feb-17,124.5,130.49,124.5,128.81,1024125
2-Feb-17,128.5,129.39,127.78,128.05,299431
3-Feb-17,128.04,129.2,128.04,129.19,214409
6-Feb-17,129,130.5,128.67,130.27,242884
7-Feb-17,130.25,132.09,129.95,131.48,331881
8-Feb-17,131.65,132.22,131.2,132.1,192381
9-Feb-17,131.97,132.47,131.12,132.45,241670
10-Feb-17,132.48,132.94,131.85,132.05,179836
13-Feb-17,132.4,133.82,131.79,133.39,209620
14-Feb-17,133.07,135.49,133,135.44,283579
15-Feb-17,135.7,136.37,134.62,135.58,309935
16-Feb-17,135.65,136.02,134.83,135.3,200902
17-Feb-17,135.49,135.83,134.8,135.67,207246
21-Feb-17,136.02,136.75,135.4,136.68,203753
22-Feb-17,136.65,137.41,136.11,137.19,178552
23-Feb-17,137.16,137.5,136.3,136.45,185974
24-Feb-17,136.15,136.69,134.62,136.63,197658
27-Feb-17,136.5,137.44,136.28,136.72,182502
28-Feb-17,137.07,137.44,136.7,137.05,203186
1-Mar-17,137.25,140.15,137.25,139.99,318020
2-Mar-17,140,140.28,138.61,139,240579
3-Mar-17,138.88,139.83,138.55,139.68,186122
6-Mar-17,139.4,139.77,138.59,139.35,171065
7-Mar-17,139.05,139.98,138.79,139.36,154428
8-Mar-17,139.68,139.8,138.71,139.04,165484
9-Mar-17,139.24,139.31,137.05,138.85,199517
10-Mar-17,139.29,139.41,138.64,139.12,173525
13-Mar-17,138.92,139.43,138.62,139.25,148787
14-Mar-17,139,139.65,138.84,138.95,135528
15-Mar-17,139.17,140.76,139.02,140.52,216605
16-Mar-17,140.75,141.02,140.16,140.61,171021
17-Mar-17,140.55,141.1,139.89,140,383153
20-Mar-17,140.14,141.56,140,141.55,190718
21-Mar-17,141.59,142.8,139.35,139.35,352675
22-Mar-17,139.25,141.6,138.67,141.5,238385
23-Mar-17,141.28,141.59,140.61,141,186233
24-Mar-17,141.07,141.74,140.05,140.43,203203
27-Mar-17,139.95,141.22,138.62,141.1,213971
28-Mar-17,141.14,144.04,140.62,143.7,309766
29-Mar-17,143.7,144.49,143.19,144.25,250697
30-Mar-17,144.45,144.5,143.5,143.77,190331
31-Mar-17,143.52,144.27,143.01,143.61,178868
3-Apr-17,143.6,144.12,143.05,143.63,180514
4-Apr-17,143.35,144.89,143.17,144.87,177578
5-Apr-17,144.7,145.46,143.25,143.52,249438
6-Apr-17,143.63,144.52,143.45,143.7,190894
7-Apr-17,143.51,144.18,143.22,143.43,150374
10-Apr-17,143.7,143.95,142.9,143.15,165411
11-Apr-17,142.9,143.35,140.06,141.49,275278
12-Apr-17,141.93,142.25,141.01,141.94,188141
13-Apr-17,141.85,142.38,141,141.06,160677
17-Apr-17,141.11,141.93,140.87,141.8,145408
18-Apr-17,141.63,142.04,141.11,141.33,134188
19-Apr-17,141.4,142,140.45,140.92,148372
20-Apr-17,141,142.92,141,142.42,215338
21-Apr-17,142.31,142.7,141.85,142.24,156146
24-Apr-17,144.01,144.2,142.27,143.78,156453
25-Apr-17,143.94,144.9,143.7,144.48,167682
26-Apr-17,144.72,144.9,143.37,143.87,177379
27-Apr-17,143.75,144.16,143.31,143.9,128940
28-Apr-17,143.96,144.3,143.27,143.9,174497
1-May-17,144.01,147.2,143.65,146.8,288158
2-May-17,146.58,149,143.81,144.8,381952
3-May-17,144.99,147.49,144.27,146.75,418788
4-May-17,146.88,147.45,145.81,146.6,208843
5-May-17,146.53,149.05,146.53,149.05,244884
8-May-17,149.18,153.7,148.8,153.2,441395
9-May-17,153.25,154.88,152.67,153.3,347840
10-May-17,153.58,153.99,152.11,153.4,229808
11-May-17,153.29,154.07,152.31,153.88,210822
12-May-17,154.26,156.42,154.1,156.07,298985
15-May-17,156.7,157,155.05,155.66,232630
16-May-17,155.9,156.26,154.56,154.66,173041
17-May-17,154.75,155.47,149.71,150.93,453070
18-May-17,150.5,153.34,149.61,152.65,309366
19-May-17,152.65,153.98,152.63,152.86,248482
22-May-17,153.35,154.58,152.91,153.69,204948
23-May-17,154.03,154.99,153.31,153.69,178718
24-May-17,154.05,154.2,152.67,153.25,175362
25-May-17,153.43,154.35,153.03,153.8,169792
26-May-17,154,154.24,153.03,153.32,156088
30-May-17,153.6,154.43,153.15,153.6,171277
31-May-17,153.75,154.2,152.38,152.85,213931
1-Jun-17,153,153.7,152.22,153.18,142536
2-Jun-17,153.64,155.45,152.89,155.35,253365
5-Jun-17,154.4,155.45,153.46,154,224448
6-Jun-17,154,155.81,153.28,154.54,239347
7-Jun-17,154.67,155.98,154.48,155.35,192142
8-Jun-17,155.67,155.88,154.4,154.7,187507
9-Jun-17,155,155.35,146.02,148.96,590866
12-Jun-17,147.89,147.93,142.51,145.6,650312
13-Jun-17,146.85,147.45,145.15,146.9,289299
14-Jun-17,146.98,147.5,143.84,144.6,281512
15-Jun-17,143.9,144.49,142.21,144.49,289487
16-Jun-17,144.7,144.76,142.17,142.45,431869
19-Jun-17,143.1,146.74,143.1,146.71,288931
20-Jun-17,147,147.29,144.94,145.09,221433
21-Jun-17,144.68,146.07,144.35,145.89,194239
22-Jun-17,146.09,146.7,145.11,145.64,172310
23-Jun-17,145.95,147.16,145.06,146.38,261646
26-Jun-17,146.77,148.28,145.38,145.88,235803
27-Jun-17,145.21,146.16,143.32,143.4,226919
28-Jun-17,142.75,146.11,141.7,145.85,198830
29-Jun-17,145.79,145.8,142.28,143.39,288038
30-Jun-17,143.95,145.69,143.44,143.85,198248
3-Jul-17,144.72,145.31,143.1,143.51,125804
5-Jul-17,143.58,144.79,142.72,144,190624
6-Jul-17,143.58,143.58,142.41,142.65,213058
7-Jul-17,142.4,144.75,142.4,144.26,165735
10-Jul-17,144.83,145.95,143.37,144.95,192558
11-Jul-17,144.93,145.85,144.35,145.55,161939
12-Jul-17,145.8,146.28,144.82,145.45,212086
13-Jul-17,145.76,148.49,145.43,147.14,231497
14-Jul-17,147.45,149.33,146.8,149.04,183578
17-Jul-17,149.2,150.9,148.57,149.75,207795
18-Jul-17,149.51,150.25,148.67,150.18,158720
19-Jul-17,150.35,151.42,149.75,150.79,186739
20-Jul-17,151.05,151.74,150.19,150.37,149375
21-Jul-17,150.32,150.44,148.88,150.13,208644
24-Jul-17,150.1,152.44,149.9,151.87,193254
25-Jul-17,151.93,153.84,151.75,152.88,167176
26-Jul-17,153.04,153.93,153.04,153.83,142702
27-Jul-17,153.99,154.39,147.3,150,299408
28-Jul-17,149.49,150.23,149.19,149.48,154287
31-Jul-17,149.75,150.33,148,148.11,172713
1-Aug-17,149.05,159.9,148.41,159.5,319969
2-Aug-17,159.22,160,156.16,157.04,634211
3-Aug-17,157.4,157.4,155.02,155.56,239015
4-Aug-17,155.7,157.4,155.57,156.65,188575
7-Aug-17,157.1,158.92,156.06,158.75,195829
8-Aug-17,158.75,161.83,158.27,159.54,326600
9-Aug-17,159.38,161.29,158.73,161.2,234864
10-Aug-17,160.26,160.4,154.37,154.65,355699
11-Aug-17,154.95,158.58,154.21,157.42,237321
14-Aug-17,158.6,160.21,158.35,160.14,203919
15-Aug-17,160.33,162.2,160.11,161.4,262268
16-Aug-17,161.85,162.51,160.15,160.78,242971
17-Aug-17,160.84,160.88,157.84,158.02,250598
18-Aug-17,157.8,159.5,156.72,157.3,244881
21-Aug-17,157.45,157.89,155.11,157.2,236602
22-Aug-17,157.8,160,157.6,159.86,192118
23-Aug-17,159.86,160.47,158.79,159.41,169622
24-Aug-17,159.8,160.74,158.55,159.32,172706
25-Aug-17,159.5,160.56,159.27,159.6,183227
28-Aug-17,159.76,162,159.65,160.2,230754
29-Aug-17,160.2,163.3,159.5,163.3,269235
30-Aug-17,163.81,163.89,162.61,163.38,243597
31-Aug-17,163.5,164.52,163.25,164.2,239986
1-Sep-17,164.38,164.94,163.63,164.04,150793
5-Sep-17,164,164.39,160.56,162.03,269075
6-Sep-17,162.42,162.99,160.52,161.5,192613
7-Sep-17,162,162.24,160.36,161.28,197068
8-Sep-17,161.14,161.46,158.53,158.59,258538
11-Sep-17,160.41,162.05,159.89,161.66,283750
12-Sep-17,162.45,163.96,158.77,160.98,655081
13-Sep-17,160.41,160.6,157.91,159.44,403894
14-Sep-17,159.49,159.69,157.66,157.75,205620
15-Sep-17,158.2,160.97,158,160.08,417554
18-Sep-17,160.22,160.65,157.99,158.7,227243
19-Sep-17,158.85,159.77,158.31,158.42,164009
20-Sep-17,158.42,159.15,153.83,156.25,422898
21-Sep-17,156.05,156.2,152.75,153.02,337300
22-Sep-17,153.25,153.3,150.56,151.97,420872
25-Sep-17,150.99,152.2,149.16,150.57,401033
26-Sep-17,150.59,153.92,150.59,153.37,315642
27-Sep-17,153.71,154.72,153.1,154.06,229707
28-Sep-17,154.23,154.45,152.7,153.27,199175
29-Sep-17,153.27,154.2,152,154.12,235519
2-Oct-17,154.12,154.5,152.72,153.75,167592
3-Oct-17,153.77,155.09,153.75,154.5,146091
4-Oct-17,154.5,154.82,152.46,153.54,181632
5-Oct-17,153.64,155.44,153.4,155.24,190320
6-Oct-17,155.3,155.72,154.56,155.37,147441
9-Oct-17,155.07,156.73,155.03,155.65,131842
10-Oct-17,155.72,158,155.1,155.73,130723
11-Oct-17,155.78,156.98,155.6,156.43,137356
12-Oct-17,156.4,157.37,155.72,155.8,136848
13-Oct-17,156.2,157.28,156,156.95,135714
16-Oct-17,158.14,160,157.35,159.96,206844
17-Oct-17,159.96,160.87,159.23,160.48,164576
18-Oct-17,160.63,160.9,158.01,158.3,140861
19-Oct-17,158.5,158.5,155.02,155.6,353669
20-Oct-17,156.2,157.75,155.96,156.24,193939
23-Oct-17,156.25,157.69,155.5,156.08,169654
24-Oct-17,155.3,157.42,154.93,156.7,145537
25-Oct-17,156.94,157.55,155.27,156.55,167543
26-Oct-17,156.62,157.95,156.62,157.93,140931
27-Oct-17,158.13,163.6,158.02,162.77,386420
30-Oct-17,163.5,168.07,163.14,166.97,379392
31-Oct-17,167,169.65,166.94,169,301279
1-Nov-17,169.5,170.19,165.61,166.72,288681
2-Nov-17,166.8,174.35,165.28,173.38,360902
3-Nov-17,173.55,175.95,171.12,172.4,527972
6-Nov-17,173,174.99,171.72,174.2,288527
7-Nov-17,174.2,175.25,173.6,174.4,199076
8-Nov-17,174.4,177.1,174.2,176.75,194631
9-Nov-17,176.3,176.69,173.14,176,242313
10-Nov-17,175.42,175.48,174.27,174.56,173741
13-Nov-17,174.7,175,173.4,173.82,139538
14-Nov-17,174.18,174.18,170.5,171.5,204326
15-Nov-17,170.44,170.68,168.38,169.35,235143
16-Nov-17,170.06,171.87,170.06,171.24,175383
17-Nov-17,171.29,171.39,169.64,169.94,174614
20-Nov-17,169.9,170.7,169.56,170.01,126793
21-Nov-17,170.32,173.7,169.91,173.05,192484
22-Nov-17,173.2,175,173.05,174.98,195607
24-Nov-17,175,175.64,174.64,174.89,94903
27-Nov-17,174.86,175.5,173.34,173.81,162365
28-Nov-17,173.95,174.87,171.86,173.06,207347
29-Nov-17,172.74,173.35,167.16,169.1,348090
30-Nov-17,169.2,172.14,168.44,171.49,248699
1-Dec-17,170.95,171.67,168.5,171,295334
4-Dec-17,172.23,172.73,169.36,169.6,260889
5-Dec-17,169.45,171.52,168.4,170.01,219454
6-Dec-17,168.96,170.21,166.46,169.42,225650
7-Dec-17,169.65,170.44,168.91,169.5,205638
8-Dec-17,169.95,171,168.82,169.37,183188
11-Dec-17,169.8,172.89,168.79,172.78,283276
12-Dec-17,172.26,172.68,171.46,171.55,155433
13-Dec-17,171.74,173.54,171.51,172.57,188292
14-Dec-17,172.51,173.13,171.65,172.44,166905
15-Dec-17,172.5,174.15,172.11,174.12,348186
18-Dec-17,174.24,177.2,174.24,176.59,235802
19-Dec-17,175.38,175.39,174.09,174.64,219460
20-Dec-17,175.1,175.42,173.25,174.24,181620
21-Dec-17,174,176.02,173.82,175.16,161919
22-Dec-17,175.18,175.43,174.5,175,122881
26-Dec-17,174.5,174.5,169.67,170.6,286281
27-Dec-17,171.11,171.11,169.71,170.65,176098
28-Dec-17,170.76,171.85,170.48,170.84,136427
29-Dec-17,170.8,171.35,169.01,169.1,197951
2-Jan-18,169.1,172.3,169,172.3,227106
3-Jan-18,172.66,174.55,171.91,172,237711
4-Jan-18,172.4,173.47,172.08,173.33,180667
5-Jan-18,172.7,175.24,172.7,175.07,187556
8-Jan-18,175.1,175.61,173.93,174.8,158295
9-Jan-18,174.79,175.06,173.41,174,176614
10-Jan-18,173.9,174.45,172.5,174.45,196765
11-Jan-18,174.48,175.49,174,175.24,151576
12-Jan-18,175.7,177.38,175.4,177.35,184725
16-Jan-18,177.4,179.39,175.7,175.75,248837
17-Jan-18,174.21,179.45,173.2,179.45,280871
18-Jan-18,179.26,180.1,176.25,178.94,251469
19-Jan-18,178.9,179.77,177.41,178.68,218272
22-Jan-18,177.89,177.92,176.6,177.35,211856
23-Jan-18,177.8,179.44,176.5,177.2,274507
24-Jan-18,177.25,177.98,173.2,174.16,427422
25-Jan-18,174.69,175.23,170.53,171.75,342417
26-Jan-18,172.01,172.73,170.06,171.39,327445
29-Jan-18,171.49,172.6,167.07,168.09,398964
30-Jan-18,168,168,164.7,167.08,392289
31-Jan-18,166.5,168.45,165.55,166.86,255997
1-Feb-18,168,174.25,162.55,173.49,381389
2-Feb-18,171.55,172.33,160,160.02,737266
5-Feb-18,160,163.88,155.37,155.42,608542
6-Feb-18,155.61,163.72,154,162.86,550175
7-Feb-18,161.65,163.4,158.76,158.9,409336
8-Feb-18,159.8,161,155.03,156.25,433110
9-Feb-18,156.51,157.89,150.24,156.74,543160
12-Feb-18,157.65,163.89,157,162.65,458969
13-Feb-18,162.65,164.75,161.43,164.1,266231
14-Feb-18,165,168.93,161.79,168.93,329474
15-Feb-18,169.6,173.3,168.87,173.3,447937
16-Feb-18,173.35,174.82,171.77,171.95,344892
20-Feb-18,171.1,174.26,170.18,172.23,291157
21-Feb-18,171.9,174.11,170.42,170.55,311703
22-Feb-18,170.55,173.95,170,173.02,268722
23-Feb-18,173.3,175.75,173.25,175.48,282591
26-Feb-18,176,179.39,175.91,179.05,322822
27-Feb-18,179.02,180.48,178.16,178.75,332757
28-Feb-18,178.71,180.62,178.06,178.49,281872
1-Mar-18,179.37,179.78,172.66,175.19,413333
2-Mar-18,174.37,176.3,172.2,176.05,325633
5-Mar-18,176.1,177.74,174.52,176.89,230149
6-Mar-18,177.37,178.25,173.4,173.94,202621
7-Mar-18,175,175.85,174.27,174.9,261639
8-Mar-18,175,177.12,174.9,177.07,197289
9-Mar-18,177.07,180,176.5,179.85,257860
12-Mar-18,180.1,182.39,180.1,181.89,281157
13-Mar-18,181.5,183.5,179.01,179.82,269306
14-Mar-18,180.05,181.08,177.81,178.6,250332
15-Mar-18,178.43,180.24,178.07,179,187992
16-Mar-18,178.65,179.12,177.62,178.15,233533
19-Mar-18,177,177.47,173.66,174.75,267591
20-Mar-18,175.51,176.8,174.94,175.37,159017
21-Mar-18,175,175.51,171.27,171.77,303369
22-Mar-18,171.3,172.68,167.55,167.7,347483
23-Mar-18,168.11,169.92,164.92,165.15,322725
26-Mar-18,166.85,173.1,166.44,173,282622
27-Mar-18,173.3,175.15,167,168.75,334708
28-Mar-18,167.9,170.02,165.19,166.85,327682
29-Mar-18,167.8,171.75,166.9,168.17,259621
2-Apr-18,167.6,168.94,164.47,166.58,294366
3-Apr-18,167.5,168.75,164.88,168,236945
4-Apr-18,165.75,172.01,163.59,171.98,278635
5-Apr-18,173.01,174.24,169.19,169.59,222113
6-Apr-18,170.81,172.48,168.2,168.49,264873
9-Apr-18,170.14,173.09,169.6,170.14,236306
10-Apr-18,172.23,174,171.59,172.9,236439
11-Apr-18,172.5,173.93,171.51,172.72,182511
12-Apr-18,172.5,175,172,173.98,192731
13-Apr-18,173.99,175.84,173.85,174.77,195639
16-Apr-18,175.09,176.34,174.83,176.1,192149
17-Apr-18,176.51,178.94,176.41,178.23,205122
18-Apr-18,178.74,178.82,176.88,178.2,172431
19-Apr-18,177.3,177.3,172.5,172.6,297036
20-Apr-18,172.3,173.12,165.43,166.1,534469
23-Apr-18,166.02,167.26,164.09,165.15,305878
24-Apr-18,165.99,166.33,161.22,163.08,279019
25-Apr-18,163.1,165.42,161.84,164.99,236514
26-Apr-18,164.5,165.73,163.37,164.83,224838
27-Apr-18,164.8,165.16,160.63,162.17,307313
30-Apr-18,162.7,167.26,161.84,166.25,324534
1-May-18,166.2,178,165.27,175.29,459352
2-May-18,174.36,177.75,173.66,176.5,563183
3-May-18,176.24,177.5,174.44,177,285245
4-May-18,177.5,184.25,177.47,184.1,487827
7-May-18,184.46,187.67,184.23,184.95,373757
8-May-18,185.16,186.22,183.66,186,231366
9-May-18,186.36,187.51,185.22,187.48,193523
10-May-18,187.44,190.37,187.2,189.85,233792
11-May-18,189.6,190.06,187.45,188.55,194568
14-May-18,189.02,189.53,187.82,187.82,162751
15-May-18,187.44,188.55,185,185.8,185335
16-May-18,186.16,188.46,185.5,188.15,157899
17-May-18,187.75,188.91,186.36,186.95,140587
18-May-18,187.19,187.82,186.13,186.41,145330
21-May-18,187.21,189.27,186.91,187.59,149320
22-May-18,187.92,188.88,186.78,187.25,116551
23-May-18,185.99,188.81,184.65,188.65,150668
24-May-18,188.69,189.02,186.21,188.5,151662
25-May-18,188.78,189.65,187.65,188.73,138500
29-May-18,188.31,188.75,186.7,187.7,175763
30-May-18,188.2,188.62,186.78,187.17,146290
31-May-18,187.9,188.23,186.14,186.97,177022
1-Jun-18,187.53,190.5,187.4,190.49,190429
4-Jun-18,190.76,193.42,190.68,192.35,219694
5-Jun-18,192.21,193.94,191.83,193.3,176881
6-Jun-18,193.5,194.13,191.92,193.85,156448
7-Jun-18,194.25,194.45,192.33,193.14,194134
8-Jun-18,191.75,192,188.19,192,240795
11-Jun-18,191.6,191.97,190.21,191.05,162139
12-Jun-18,191.49,192.62,191,192.5,148937
13-Jun-18,192.5,192.88,190.44,190.65,185284
14-Jun-18,190.63,191.57,190.22,190.6,184352
15-Jun-18,190.18,191.2,187.68,188.8,515945
18-Jun-18,188.32,189.22,187.2,188.33,159453
19-Jun-18,187,187.3,183.45,185.75,281095
20-Jun-18,186.6,187.8,185.73,187.51,184892
21-Jun-18,187.33,188.35,184.94,185.08,191336
22-Jun-18,185.8,186.62,184.7,184.94,197207
25-Jun-18,184.5,184.92,180.73,182.17,265690
26-Jun-18,183.3,186.53,182.54,184.57,216573
27-Jun-18,183.89,187.72,182.5,184.64,223314
28-Jun-18,184.77,186.21,183.42,185.75,152071
29-Jun-18,186.46,187.3,182.91,185.1,197898
2-Jul-18,183.87,187.3,183.42,187.25,153709
3-Jul-18,187.27,187.99,183.54,183.96,125256
5-Jul-18,184.45,186.41,184.28,184.85,146154
6-Jul-18,184.85,188.44,184.6,188.35,155046
9-Jul-18,189,191.1,188.8,190.54,175087
10-Jul-18,190.57,191.28,188.62,188.68,134539
11-Jul-18,188.6,189.78,187.61,188,161149
12-Jul-18,188.47,191.41,188.35,191.09,160744
13-Jul-18,191.2,191.84,190.8,191.37,111816
16-Jul-18,192,192.65,189.63,189.97,133324
17-Jul-18,189.9,191.87,189.2,191.73,136067
18-Jul-18,192.05,192.4,189.93,190.53,133507
19-Jul-18,190.2,192.55,189.69,192.18,174235
20-Jul-18,192.49,192.5,190.17,191.33,180092
23-Jul-18,190.85,192.09,189.56,191.89,143082
24-Jul-18,192.1,193.67,191.51,192.9,163020
25-Jul-18,193.01,194.85,191.7,192.85,149635
26-Jul-18,192.82,195.96,192.82,194.6,168390
27-Jul-18,194.6,195.19,190.21,190.32,143055
30-Jul-18,191,192.2,189.07,190.14,181991
31-Jul-18,190.33,198,189.34,197.95,338107
1-Aug-18,197.29,201.92,196.65,201.67,606062
2-Aug-18,199.9,208.38,199.69,207.09,555984
3-Aug-18,206.6,208.74,205.48,207.93,286374
6-Aug-18,208.07,209.25,207.07,209.06,224609
7-Aug-18,209.25,209.87,206.76,206.88,225698
8-Aug-18,206.8,207.81,204.55,207,189558
9-Aug-18,206.9,209.78,206.45,208.84,204138
10-Aug-18,207.9,209.1,206.67,207.7,200791
13-Aug-18,206.7,210.96,206.6,209.1,229370
14-Aug-18,210.01,210.56,208.26,209.85,163441
15-Aug-18,210,210.74,208,210.15,248401
16-Aug-18,210.7,213.82,210.7,212.99,242028
17-Aug-18,213.5,217.95,212.8,217.53,303920
20-Aug-18,218.25,219.35,215.11,215.52,258908
21-Aug-18,216.1,217.19,213.75,213.77,225722
22-Aug-18,214,216.36,213.84,215.25,166623
23-Aug-18,215.25,217.05,214.6,215.7,161890
24-Aug-18,216.3,216.9,215.11,216.3,155092
27-Aug-18,216.78,218.74,216.33,218.16,177637
28-Aug-18,218.3,220.54,217.94,219.88,198172
29-Aug-18,220.25,223.75,219.41,223.75,239806
30-Aug-18,224,228.26,222.21,225,422351
