,Open,High,Low,Close,Volume,ADS_Index,SP500,Mkt-RF,SMB,HML,AMZN,FB,GOOGL,NFLX,NVDA,TSLA
0,105.45,105.77,102.0,105.74,533337,-0.338326044,2012.66,-1.59,-0.83,0.53,652.8125,102.735,764.385,109.665,12.6925,407.399375
1,105.27,105.85,102.11,102.23,507793,-0.322752358,2016.71,0.12,-0.22,0.01,636.715,102.5625,761.345,108.4325,12.965,402.26375
2,102.24,102.37,99.66,100.97,624617,-0.308089298,1990.26,-1.35,-0.12,0.0,629.35,102.4275,756.925,111.6625,13.0975,400.09125
3,95.99,100.59,95.42,95.62,730588,-0.29433496,1943.09,-2.44,-0.29,0.08,615.44,99.7475,743.01,116.805,12.655,393.750625
4,96.66,99.11,96.66,97.01,649036,-0.281487554,1922.03,-1.11,-0.47,-0.03,613.8875,98.4275,742.1425,113.9325,12.4425,392.0975
5,97.64,99.17,97.19,98.75,916329,-0.248492833,1923.67,-0.06,-0.65,0.34,611.9825,97.4075,730.655,113.7225,12.2925,388.441875
6,98.22,100.7,98.22,100.29,449059,-0.23926260800000002,1938.68,0.71,-0.4,-0.77,619.5875,98.6625,740.2075,116.2475,12.2075,393.67625
7,100.95,101.19,97.3,97.3,578776,-0.230815095,1890.28,-2.67,-0.7,0.78,601.415,97.6925,734.695,111.1625,12.1875,386.24125
8,97.53,100.48,95.74,99.25,577103,-0.22314919800000002,1921.84,1.65,-0.01,-0.41,588.115,96.135,723.73,105.685,12.0825,378.41625
9,98.36,98.36,95.36,97.13,672586,-0.216263919,1880.33,-2.14,0.42,-0.21,580.495,95.6525,714.04,104.7575,12.06,373.73625
10,97.88,99.25,95.5,96.5,460354,-0.198060905,1881.33,-0.2,-1.34,-0.07,576.6125,95.3775,719.57,111.835,12.19,375.84875
11,95.5,98.19,93.42,97.23,671331,-0.19744686,1859.33,-0.94,1.85,-1.24,566.1575,93.48,710.6275,108.5975,12.1725,369.715625
12,91.02,97.88,91.02,96.45,457107,-0.198680208,1868.99,0.45,-0.49,0.01,572.015,94.34,722.4475,104.855,12.21,373.414375
13,97.76,101.97,97.52,101.97,601322,-0.20176111,1906.9,2.08,0.22,-0.19,591.7025,96.575,743.2575,102.355,12.1425,383.4725
14,102.0,102.0,99.15,99.45,465344,-0.22126330600000002,1877.08,-1.71,-0.37,-0.98,598.705,97.8975,740.6775,99.95,12.125,384.3075
15,99.05,103.47,96.89,97.42,609642,-0.229753688,1903.63,1.52,0.38,1.22,597.3,96.8175,733.28,97.5,12.27,381.224375
16,97.05,97.3,93.34,93.86,1225627,-0.238939663,1882.95,-1.11,-0.54,1.72,594.035,101.1575,731.7875,94.5075,12.53,380.371875
17,94.0,94.79,92.39,93.65,506033,-0.248822428,1893.36,0.49,-0.47,1.26,583.265,107.185,741.2675,92.6275,12.48,381.08625
18,94.05,97.34,94.05,97.19,598696,-0.259403267,1940.24,2.57,0.46,0.37,573.125,110.5725,755.7825,92.7,12.3875,383.045
19,97.1,97.34,95.4,96.21,375171,-0.295673406,1939.38,-0.04,-0.21,-0.96,579.3275,113.5375,794.1675,93.1625,12.315,395.04875
20,95.87,96.04,94.28,94.66,336560,-0.309383393,1903.03,-2.0,-0.03,-0.34,560.6875,114.97,795.1875,93.5825,12.345,391.106875
21,94.92,96.84,94.08,95.99,413267,-0.323308298,1912.53,0.46,-0.32,0.44,541.0125,113.29,765.1725,90.49,12.3325,377.49125
22,96.01,97.33,95.05,96.48,366649,-0.33744993100000004,1915.45,0.27,0.2,0.32,529.4475,111.3875,739.745,89.2425,12.345,367.455625
23,96.77,96.95,93.69,93.95,418239,-0.35181013200000005,1880.05,-2.06,-1.1,1.75,516.0075,106.7325,715.0675,85.4875,12.27,355.82375
24,93.81,95.7,92.05,94.7,499965,-0.39550243,1853.44,-1.51,-0.02,0.9,487.57,100.7425,694.5425,82.225,12.305,341.27
25,94.75,95.94,93.93,95.1,406748,-0.409559601,1852.21,-0.1,-0.47,-0.29,486.095,99.73,702.6075,84.735,12.375,343.291875
26,95.7,96.64,94.0,94.0,395094,-0.42336707700000004,1851.86,0.01,-0.05,-0.56,494.16,101.31,711.5725,89.0275,12.495,349.0175
27,93.8,94.72,92.16,93.6,458527,-0.436926652,1829.08,-1.17,0.5,-1.47,496.35,101.7425,701.675,86.0375,12.4925,346.45125
28,94.1,94.7,93.01,93.85,368897,-0.45024009200000004,1864.78,1.98,-0.54,1.14,509.045,102.5,709.1225,87.355,12.36,352.005625
29,93.84,96.85,93.8,96.35,444049,-0.500189847,1895.58,1.78,0.55,-0.56,519.955,102.435,717.9525,88.63,12.3625,357.243125
30,96.5,98.26,95.87,98.26,413694,-0.511266954,1926.82,1.75,-0.05,-0.63,529.0675,103.42,726.3575,92.56,12.6725,362.85125
31,98.0,99.1,96.09,96.3,327923,-0.521712617,1917.83,-0.51,0.0,0.21,531.0725,104.53,726.1875,93.0425,12.635,363.708125
32,96.08,96.76,95.8,95.9,313986,-0.531528193,1917.78,0.06,0.43,-0.62,527.5775,103.845,719.1525,89.645,12.48,360.055
33,96.38,97.25,95.92,96.61,314574,-0.557360844,1945.5,1.43,-0.27,0.24,550.5125,106.4875,729.34,90.92,12.3475,369.315
34,96.25,96.6,94.25,94.3,290914,-0.56522398,1921.27,-1.22,0.47,-0.52,553.2675,106.0475,722.1175,90.35,12.42,367.945625
35,94.2,96.38,93.32,96.28,330456,-0.5728645410000001,1929.8,0.53,0.68,-0.32,548.5275,105.595,715.1175,89.8375,12.445,364.769375
36,95.88,96.76,95.25,96.6,250207,-0.58028352,1951.7,1.1,-0.43,0.23,553.42,107.245,723.4275,92.86,12.34,369.238125
37,96.85,98.03,96.58,96.86,266298,-0.5874818820000001,1948.05,-0.01,0.82,0.26,556.9375,108.1475,729.24,95.4225,12.5,372.436875
38,96.85,98.23,95.94,96.82,598913,-0.6075147160000001,1932.23,-0.69,0.66,0.26,554.96,107.41,721.41,94.5125,12.655,369.573125
39,96.64,100.77,96.64,100.61,465363,-0.6139050460000001,1978.35,2.34,-0.64,0.3,569.655,108.7725,731.8775,96.5525,12.63,376.714375
40,100.85,100.94,99.64,100.68,304996,-0.620880499,1986.45,0.54,0.5,0.71,580.3125,109.905,739.315,97.7525,12.65,381.82125
41,100.85,101.82,100.45,101.73,320824,-0.627722431,1993.4,0.51,0.44,0.64,578.145,109.64,735.3725,97.39,12.74,380.136875
42,101.65,103.75,101.37,102.99,423270,-0.634431731,1999.99,0.37,0.27,0.28,576.5725,109.0425,730.8,100.085,12.845,379.125
43,103.01,103.18,100.96,101.69,323912,-0.65321156,2001.76,0.21,1.21,0.54,566.76,106.5625,718.16,98.3925,12.8525,372.46875
44,101.58,101.76,100.3,100.95,289717,-0.65824575,1979.26,-1.27,-1.14,-0.49,561.3475,105.6925,711.725,96.33,12.7975,368.77375
45,101.48,101.91,100.27,101.18,492723,-0.662559138,1989.26,0.5,0.04,0.38,560.0825,106.7275,719.8275,97.065,12.7175,370.925625
46,101.29,102.24,100.15,101.14,306333,-0.666152285,1989.57,-0.11,-0.81,0.63,558.945,107.38,730.32,97.63,12.6625,373.56875
47,102.25,102.36,101.17,102.22,247125,-0.669025658,2022.19,1.69,0.27,0.19,566.3275,108.745,740.805,97.9175,12.735,378.44875
48,102.1,102.91,101.78,102.56,227898,-0.673361614,2019.64,-0.12,-0.07,-0.87,570.8775,109.3375,747.4275,98.0075,12.755,381.4125
49,102.81,105.18,102.13,104.62,361368,-0.6735530959999999,2015.93,-0.36,-1.43,0.67,573.885,109.99,748.4675,97.55,12.685,382.473125
50,104.7,106.31,104.35,105.41,344616,-0.6731889529999999,2027.22,0.63,0.1,-0.04,572.18,111.405,753.15,98.475,12.57,383.8025
51,105.42,106.47,104.96,105.92,305959,-0.672269137,2040.59,0.72,0.84,0.58,565.2575,111.76,759.35,100.1575,12.5175,384.13125
52,105.92,106.65,105.19,105.77,387524,-0.67079353,2049.58,0.54,0.34,-0.19,555.455,111.3475,757.8425,101.16,12.54,381.45125
53,105.82,107.65,105.14,105.93,323025,-0.662897703,2051.6,0.1,-0.2,-0.31,550.385,111.665,758.1925,101.0,12.475,380.310625
54,105.96,107.29,105.21,106.55,289197,-0.65882377,2049.8,-0.05,-0.01,-0.45,553.545,111.7775,760.3875,100.3,12.4825,381.5025
55,106.7,107.07,105.9,106.1,236083,-0.65395177,2036.71,-0.86,-1.17,-0.09,565.3875,112.5025,760.1025,99.6625,12.4375,384.41375
56,106.02,106.25,104.89,105.7,235512,-0.6482810720000001,2035.94,0.0,0.47,-0.06,575.1075,112.4975,753.88,98.335,12.455,384.955
57,105.88,106.28,104.99,105.1,174737,-0.617703527,2037.05,0.04,-0.03,0.14,581.7675,113.6575,755.1125,99.8125,12.5725,387.5875
58,105.54,107.79,104.8,107.72,284925,-0.608458788,2055.01,1.07,1.77,-1.18,586.3375,115.01,758.505,102.79,12.72,390.660625
59,107.91,110.42,107.5,109.53,405708,-0.598733466,2063.95,0.41,-0.29,0.14,598.7075,115.5975,769.7775,103.28,12.605,396.840625
60,109.42,109.9,108.88,109.03,234618,-0.588526297,2059.74,-0.11,0.44,-0.48,596.2425,111.2575,765.0925,102.36,12.35,393.738125
61,108.69,110.04,108.2,110.02,231095,-0.577835953,2072.78,0.64,-0.25,-0.62,593.95,114.765,763.6875,104.0525,12.245,394.11375
62,110.47,112.19,109.75,111.0,338680,-0.548218099,2066.13,-0.41,-0.25,-0.74,595.8375,114.005,768.22,104.825,12.1825,395.721875
63,110.5,111.12,109.13,110.11,239832,-0.539698563,2045.17,-0.94,-0.08,-0.36,589.0275,112.22,758.795,104.44,12.25,391.120625
64,110.2,111.08,109.2,110.88,239513,-0.532076147,2066.66,1.14,0.17,-0.82,595.0325,113.11,764.7125,105.3075,12.3975,394.540625
65,110.6,111.0,108.12,108.39,280155,-0.525349861,2041.91,-1.23,-0.05,-0.35,595.585,113.6525,763.0275,104.8225,12.52,394.271875
66,109.34,109.77,108.17,108.57,215575,-0.5195188279999999,2047.6,0.29,0.02,0.68,593.7925,112.2675,761.5925,104.25,12.7325,392.975625
67,108.66,110.61,108.66,108.71,265115,-0.506873407,2041.99,-0.28,-0.1,0.95,597.7325,109.8075,761.715,103.57,12.7025,393.20625
68,109.16,110.5,108.66,110.45,248695,-0.503873115,2061.72,0.99,-0.06,0.85,599.205,109.7,760.07,105.3275,12.9475,393.575625
69,110.51,112.34,110.51,112.14,300039,-0.501538345,2082.42,1.23,0.84,0.35,610.1525,110.2125,770.615,109.0575,12.905,400.009375
70,111.75,112.39,111.13,112.2,234407,-0.499868792,2082.78,0.03,-0.28,0.18,618.5775,110.9075,775.19,110.135,12.9675,403.7025
71,111.8,112.3,109.51,109.6,412758,-0.49886424100000004,2080.73,-0.04,0.33,-0.32,622.8175,110.1425,777.6175,110.905,12.815,405.370625
72,109.6,109.6,106.94,107.45,456101,-0.499549807,2094.34,0.65,0.09,-0.19,630.085,109.9625,783.31,103.5675,12.6875,406.73125
73,108.18,108.37,106.23,106.68,297166,-0.500580829,2100.8,0.29,-0.36,1.48,631.14,113.6075,782.065,99.15,12.505,406.490625
74,106.84,108.09,106.06,107.05,262698,-0.501942904,2102.4,0.15,-0.1,0.54,629.9825,112.3675,776.07,95.41,12.5725,403.4575
75,107.27,107.53,104.91,105.2,290168,-0.503636211,2091.48,-0.47,0.11,-0.59,628.555,112.1825,752.18,95.7175,12.8,397.15875
76,105.28,106.48,104.62,105.61,308619,-0.5056609679999999,2091.58,0.12,0.82,0.49,620.82,110.6625,740.2325,95.37,13.175,391.77125
77,105.22,105.65,104.51,105.11,258105,-0.5137709220000001,2087.79,-0.24,-0.58,-0.17,622.535,110.0825,739.805,95.145,13.3925,391.891875
78,105.3,105.3,95.51,96.11,415240,-0.516722652,2091.7,0.29,0.65,0.78,619.565,108.815,733.5275,92.69,13.3875,388.649375
79,98.75,98.75,95.58,97.99,1019091,-0.5195615060000001,2095.15,0.21,0.09,0.68,611.795,113.1225,722.7425,91.6725,13.51,384.833125
80,98.0,98.1,94.25,95.08,753120,-0.522287852,2075.81,-0.96,-0.15,0.05,642.3875,118.455,717.235,91.1275,13.6575,392.30125
81,95.1,95.1,92.51,93.6,626257,-0.524902044,2065.3,-0.5,-0.14,0.38,666.3625,117.035,708.5675,89.885,13.7225,395.4625
82,96.0,96.0,92.4,93.82,444603,-0.532262204,2081.43,0.78,-0.01,-0.36,673.47,117.845,712.4175,91.6825,13.735,398.85375
83,93.82,95.74,93.1,95.16,525524,-0.533542336,2063.37,-1.05,-0.66,-0.49,675.885,117.6425,710.3725,92.1775,13.8775,399.019375
84,95.55,95.9,93.82,94.35,368348,-0.5336358760000001,2051.12,-0.66,-0.15,0.06,668.98,117.5025,709.25,91.0775,13.875,396.7025
85,94.35,94.39,92.68,93.21,329074,-0.532542835,2050.63,-0.08,-0.5,0.09,665.715,118.1025,715.785,90.46,13.71,397.515625
86,93.24,93.48,91.85,92.67,407762,-0.530263072,2057.14,0.38,0.05,0.24,668.16,118.4275,718.685,89.82,13.83,398.773125
87,92.95,93.77,92.59,92.65,300696,-0.516472394,2058.69,0.05,0.36,-1.48,679.085,119.3625,728.73,90.8525,13.9775,404.5075
88,93.05,93.57,92.11,93.3,310689,-0.510244157,2084.39,1.26,-0.4,0.47,693.075,119.915,735.335,91.74,14.31,410.01625
89,93.11,93.57,92.23,92.36,264027,-0.503456516,2064.46,-0.89,-0.36,0.78,708.45,120.06,734.4225,91.2775,14.3525,413.5525
90,92.5,92.99,89.47,90.02,704018,-0.49610859,2064.11,-0.11,-0.6,0.15,716.29,120.0025,730.1475,88.35,14.3425,413.6975
91,89.87,91.67,89.0,90.38,408026,-0.48819942299999997,2046.61,-0.82,0.38,-0.66,712.565,119.775,726.9725,87.3025,14.5525,411.65375
92,90.69,94.39,90.56,93.95,558048,-0.46063628700000003,2066.66,0.99,0.28,-0.24,709.195,119.0075,727.395,88.3175,14.6925,410.97875
93,94.0,95.0,93.01,93.51,427379,-0.45008681799999994,2047.21,-0.95,-0.78,0.61,703.87,118.1125,726.2425,89.24,14.735,409.36625
94,93.69,95.21,93.51,94.77,389821,-0.439043399,2047.63,0.1,0.11,0.83,695.9125,117.5125,720.2225,89.735,14.855,405.845625
95,94.55,94.8,93.57,94.31,255367,-0.427504596,2040.04,-0.33,-0.32,-0.29,695.5225,116.8325,716.4025,89.7875,14.835,404.63625
96,94.7,95.43,94.35,95.13,292662,-0.415468906,2052.32,0.75,0.9,-0.3,702.2075,117.3725,720.6725,91.27,14.68,407.880625
97,95.7,97.19,95.42,96.55,344279,-0.375833734,2048.04,-0.18,0.26,-0.32,700.55,116.685,720.13,93.8075,14.405,407.793125
98,97.0,98.2,96.84,98.2,320719,-0.360929344,2076.06,1.43,0.68,-0.34,702.37,117.0525,727.025,96.9,14.5575,410.836875
99,98.45,99.74,98.11,99.55,350211,-0.34518543700000004,2090.54,0.72,-0.21,0.57,707.365,118.0,736.62,99.34,14.5675,415.33125
100,99.85,100.73,98.64,100.54,368959,-0.328599965,2090.1,-0.04,-0.09,-0.51,711.6975,118.815,737.835,102.415,14.3975,417.690625
101,100.46,100.47,99.24,100.24,319515,-0.311170772,2099.06,0.49,0.33,-0.22,713.9475,119.46,743.0125,102.78,14.55,419.8
102,100.35,100.5,98.82,99.85,382742,-0.23246381300000002,2096.96,-0.01,0.5,-0.36,717.875,119.11,748.8625,102.9775,14.6125,422.20625
103,99.61,99.69,98.26,98.3,270135,-0.210358303,2099.33,0.2,0.65,-0.25,720.2225,118.4425,748.045,101.7775,14.3875,422.121875
104,98.03,98.03,96.63,97.79,372120,-0.18837180399999998,2105.26,0.35,0.31,-0.59,723.73,118.885,745.0875,101.2725,14.52,422.24375
105,98.0,98.27,97.35,97.91,245771,-0.16714677,2099.13,-0.38,-0.14,-0.11,726.435,118.51,738.5175,100.165,14.325,420.906875
106,97.92,101.89,97.55,98.62,215144,-0.107928804,2109.41,0.6,0.68,0.32,727.555,118.7825,733.8375,100.1925,14.2325,420.091875
107,98.77,99.87,98.77,98.97,204952,-0.089386994,2112.13,0.12,0.19,0.11,726.5175,118.4325,734.115,100.6675,14.41,419.933125
108,99.05,99.56,98.68,98.83,185954,-0.071342316,2119.12,0.37,0.45,-0.11,725.9325,118.045,739.035,99.01,14.3525,420.505625
109,98.5,99.99,98.46,99.68,239960,-0.053792425,2115.48,-0.27,-0.4,-0.22,725.7625,118.245,740.6625,97.4375,14.275,420.526875
110,99.5,99.5,98.48,98.95,277566,-0.036735037000000005,2096.07,-1.05,-0.34,-0.18,720.32,117.185,735.0,94.82,14.165,416.83125
111,98.84,99.12,97.1,97.2,347054,0.011337054,2079.06,-0.84,-0.36,0.1,714.1425,114.94,731.7025,94.2125,14.2,413.749375
112,96.94,98.48,96.7,97.35,293628,0.025654716,2075.32,-0.19,0.27,-0.71,714.74,114.3175,731.4375,94.195,14.365,413.6725
113,97.66,98.41,96.98,97.05,272950,0.038865883,2071.5,-0.11,0.25,-0.05,718.335,114.7575,733.8525,94.53,14.4725,415.36875
114,97.14,97.75,96.07,97.59,286370,0.050972274000000005,2077.99,0.24,-0.34,-0.4,713.55,113.995,726.7975,94.4975,14.5,412.21
115,97.47,97.47,95.01,95.04,518755,0.061975463,2071.22,-0.3,-0.1,0.94,709.7325,113.515,712.105,94.9525,14.83,407.57625
116,95.45,96.57,95.03,95.08,319728,0.088836816,2083.25,0.71,0.61,-0.01,713.175,113.725,710.2825,94.4725,14.68,407.91375
117,95.08,96.51,94.67,96.36,322425,0.096297132,2088.9,0.21,-0.62,0.5,715.53,114.2,709.71,92.4425,14.4175,407.970625
118,96.05,96.89,95.35,95.8,264898,0.10305973,2085.45,-0.2,-0.31,0.08,713.71,114.2575,711.7825,90.79,14.115,407.635
119,96.05,96.58,95.25,95.92,298828,0.10912549099999999,2113.32,1.45,0.5,0.43,718.8125,114.595,712.315,90.5275,14.2225,409.0625
120,93.57,94.66,92.36,93.26,609666,0.11449520199999999,2037.41,-3.7,0.15,-1.14,702.635,111.75,690.2375,88.21,14.22,398.208125
121,93.0,93.17,91.5,92.02,420836,0.126492389,2000.54,-2.07,-0.95,-0.67,691.9275,109.9275,679.445,86.2925,14.0625,391.898125
122,92.55,93.74,92.14,93.58,366382,0.128874157,2036.09,1.76,-0.39,0.14,702.5,111.08,689.0975,87.185,14.015,397.465625
123,93.8,94.55,93.63,94.35,336191,0.130294792,2070.77,1.8,0.27,-0.07,713.275,113.6725,695.665,90.235,14.075,403.211875
124,94.35,95.77,94.0,95.4,324187,0.130754479,2098.86,1.42,0.35,0.45,716.3575,114.39,699.77,92.955,14.0925,405.868125
125,95.39,96.47,95.15,95.96,233492,0.130253278,2102.95,0.24,0.53,-0.4,720.6775,114.3125,707.27,95.16,14.0875,409.355
126,95.8,95.8,94.46,95.03,250080,0.12373966,2088.55,-0.85,-0.62,-1.36,725.3025,113.6725,704.785,96.97,14.2225,410.1825
127,94.87,95.66,94.37,95.5,287861,0.12089622300000001,2099.73,0.62,0.17,-0.13,729.77,114.94,705.385,95.55,14.225,411.41125
128,95.69,96.5,95.51,95.86,224091,0.117559249,2097.9,0.02,0.35,-0.2,736.7125,116.3225,707.9825,94.69,14.2225,413.926875
129,96.1,96.89,95.8,96.6,264340,0.113728303,2129.9,1.6,0.89,0.34,740.3425,116.5975,712.8425,96.29,14.33,416.518125
130,96.95,97.65,96.74,96.91,219530,0.09939775599999999,2137.16,0.43,0.6,0.26,750.9875,117.775,724.07,95.6975,14.5475,422.1325
131,96.94,97.7,96.94,97.42,222318,0.093915681,2152.14,0.75,0.62,0.99,750.6775,118.105,732.04,95.3825,14.6525,424.05125
132,97.51,97.88,96.71,96.8,238212,0.08813550199999999,2152.43,-0.05,-0.53,0.51,747.105,117.415,731.9475,95.8275,14.585,423.07375
133,96.97,98.99,96.97,98.6,365739,0.08205646700000001,2163.75,0.51,-0.46,0.44,743.8075,117.1625,734.2075,97.455,14.6875,423.158125
134,98.81,99.3,98.38,98.5,275735,0.075677785,2161.74,-0.05,0.3,0.0,738.5875,117.05,735.6775,98.05,14.4625,422.34125
135,98.77,100.13,98.6,99.78,337379,0.054667852999999995,2166.89,0.25,-0.02,-0.12,736.3125,117.9325,744.8975,92.6925,14.5225,422.95875
136,99.45,100.01,99.25,99.92,219213,0.046947675999999994,2163.78,-0.22,-0.62,0.05,737.135,120.4375,752.2775,86.195,14.33,424.01125
137,99.84,100.46,99.73,100.18,247570,0.038856591,2173.02,0.48,0.45,-0.87,744.3225,121.46,756.3175,87.13,14.2825,427.3075
138,100.28,101.0,98.87,99.07,291687,0.030393545,2165.17,-0.38,-0.05,-0.01,745.6625,121.3775,755.27,86.8725,14.315,427.295625
139,99.25,99.3,98.31,98.38,262356,0.021557438999999998,2175.03,0.48,0.23,-0.08,746.3525,120.5575,756.5075,85.865,14.265,427.320625
140,98.66,98.84,96.92,97.06,360051,-0.007201801999999999,2168.48,-0.27,-0.02,-0.24,742.6625,120.725,757.5475,86.6175,14.255,426.888125
141,97.09,103.84,96.16,103.25,437516,-0.017512025,2169.18,0.13,0.57,0.54,739.0525,121.865,756.5875,90.185,14.1725,426.9225
142,101.86,104.67,101.86,103.44,807818,-0.028170611,2166.58,-0.14,0.58,-0.44,739.905,126.335,763.74,91.7425,14.205,430.430625
143,103.4,104.58,102.7,104.54,355843,-0.039178946,2170.06,0.18,-0.41,-0.34,754.45,127.14,786.58,92.0775,14.28,440.061875
144,104.0,104.55,103.68,104.25,252828,-0.050538462,2173.6,0.17,-0.02,0.04,754.9025,125.3275,783.0725,91.27,14.4325,438.643125
145,104.4,106.24,104.21,106.19,354232,-0.086770844,2170.84,-0.16,0.18,-0.87,761.375,123.87,797.3175,92.8025,14.5025,443.84125
146,106.0,106.3,94.66,104.44,313788,-0.099229107,2157.03,-0.7,-0.58,0.17,762.6575,123.49,799.175,93.4775,14.66,444.7
147,104.41,105.92,104.32,105.88,278348,-0.11107258800000001,2163.79,0.45,0.46,0.83,757.0625,122.8825,797.8525,93.31,14.76,442.776875
148,106.0,106.0,105.22,105.85,251298,-0.122302828,2164.25,0.05,0.08,-0.34,758.11,123.8775,798.2275,93.0225,14.725,443.309375
149,99.65,107.65,99.65,107.54,358780,-0.132921287,2182.87,0.93,0.43,0.86,764.4675,125.0925,791.5475,95.0975,14.6175,444.05125
150,107.54,108.43,107.16,108.37,262377,-0.160978609,2180.89,-0.06,0.02,0.57,766.015,125.215,806.2975,95.3825,14.6925,448.2275
151,108.41,108.94,108.01,108.67,240929,-0.16902937699999998,2181.74,0.05,-0.02,-0.32,768.7775,125.2825,807.2825,94.5775,14.4225,448.98
152,108.67,108.93,107.76,107.88,224222,-0.17648165899999999,2175.49,-0.29,-0.45,-0.13,769.1725,124.99,808.01,93.91,14.1275,449.020625
153,108.0,108.93,107.85,108.03,255257,-0.18333642100000003,2185.79,0.54,0.14,0.04,770.6075,125.0175,809.495,95.2025,14.395,450.080625
154,107.93,108.44,107.76,108.11,173485,-0.189594557,2184.05,-0.06,0.08,-0.18,770.22,124.8475,807.16,96.03,14.68,449.564375
155,108.27,109.99,108.08,109.97,239184,-0.204648955,2190.15,0.39,0.73,0.39,771.4075,124.4875,807.65,95.07,15.0175,449.65375
156,109.99,110.23,109.21,109.38,289661,-0.20838425300000002,2178.15,-0.57,-0.27,0.61,766.08,123.525,801.4975,95.0225,15.225,446.53125
157,109.63,109.64,108.34,109.24,228211,-0.211530503,2182.22,0.12,-0.55,0.25,763.4725,123.815,802.285,95.775,15.075,446.336875
158,109.35,109.6,108.95,109.21,207341,-0.21408811600000002,2187.02,0.32,0.45,0.37,763.9075,124.1575,797.7275,96.24,14.93,445.508125
159,109.02,109.69,108.36,109.42,238647,-0.216057424,2183.87,-0.11,0.12,-0.12,760.475,123.72,800.0725,95.9525,14.8875,445.055
160,109.0,109.79,107.85,108.28,238754,-0.218285377,2182.64,-0.02,0.26,-0.41,756.9575,124.0975,797.17,95.5675,14.895,443.448125
161,108.35,109.32,108.35,108.88,199823,-0.21778629800000002,2186.9,0.27,0.56,-0.01,761.5325,124.61,797.595,95.975,15.0125,444.928125
162,108.94,109.05,107.68,107.9,220797,-0.216734774,2175.44,-0.56,-0.48,0.4,757.835,123.875,794.83,95.74,14.955,443.07
163,107.97,108.05,106.67,107.59,228996,-0.215130668,2172.47,-0.08,0.19,0.48,758.08,123.6425,791.05,96.715,14.8025,442.371875
164,107.4,107.95,106.31,106.9,258976,-0.21297377,2169.04,-0.15,0.15,-0.13,763.925,124.465,791.69,97.28,14.83,444.34
165,106.7,107.44,106.29,106.62,234812,-0.20299546699999999,2180.38,0.53,-0.07,0.35,771.0575,125.6125,794.66,97.315,14.765,447.16125
166,106.59,107.1,103.5,105.99,231876,-0.198537872,2176.12,-0.14,0.1,0.31,769.965,126.0975,793.97,97.61,14.76,446.910625
167,105.92,109.17,105.64,105.99,278602,-0.19362704600000002,2170.95,-0.24,-0.39,0.14,767.6175,125.7775,790.1225,97.37,14.79,445.221875
168,106.13,106.8,105.62,106.74,221112,-0.188262349,2170.86,0.03,0.12,-0.49,769.71,126.0875,790.7375,97.4475,14.85,445.995625
169,106.75,108.0,106.74,107.75,242522,-0.183063892,2179.98,0.53,0.39,0.36,771.8125,126.375,793.75,97.405,15.0025,447.335625
170,107.96,108.3,107.51,107.86,253760,-0.166259922,2186.48,0.26,0.06,-0.53,781.0275,128.1475,803.34,98.8175,14.9125,452.833125
171,107.87,108.76,107.07,108.15,395115,-0.16310931,2186.16,0.09,0.61,0.03,787.465,130.46,807.98,99.5075,15.06,456.353125
172,108.21,108.36,105.24,105.43,495471,-0.160446954,2181.3,-0.18,-0.02,0.57,784.425,130.5575,805.0975,99.345,15.325,454.85625
173,105.39,105.72,102.79,102.79,437141,-0.158272506,2127.81,-2.47,-0.55,0.31,771.955,128.3675,795.2125,97.8975,15.5425,448.358125
174,102.01,105.8,101.8,105.71,424716,-0.15434759,2159.04,1.44,0.0,-0.47,762.6025,127.3675,789.915,97.27,15.745,444.28875
175,105.28,108.79,104.9,107.81,580498,-0.15356499699999998,2127.02,-1.48,-0.25,-0.47,765.495,127.81,790.6075,96.7975,15.76,445.1775
176,108.23,113.03,107.66,111.91,1066001,-0.15303839,2125.77,-0.08,0.11,-0.83,763.325,127.7325,791.13,97.0075,15.885,444.79875
177,111.7,115.73,111.51,115.41,857404,-0.152767699,2147.26,1.07,0.31,-0.33,764.985,128.13,795.7775,97.0975,15.8975,446.4975
178,115.53,116.13,114.04,114.94,730278,-0.152752889,2139.16,-0.36,0.33,-0.46,774.245,128.565,798.6075,98.4025,15.8975,449.955
179,115.05,116.18,113.25,113.4,445704,-0.15414841,2139.12,0.05,0.4,0.16,777.0675,129.1025,798.0475,99.01,15.985,450.806875
180,113.58,114.12,112.51,113.65,319443,-0.155264613,2139.76,-0.02,-0.21,-0.51,779.13,128.72,799.7575,98.4475,15.8975,451.51375
181,114.02,114.94,112.44,113.66,341405,-0.156839695,2163.12,1.12,0.14,0.33,785.4725,129.345,802.725,96.1575,15.6975,453.425
182,113.71,114.94,113.68,114.6,287907,-0.15887386,2177.18,0.7,0.85,-0.05,798.03,129.2825,812.02,95.2775,15.6675,458.6525
183,114.45,114.91,111.55,112.23,499746,-0.161367373,2164.69,-0.6,-0.1,-0.19,803.0675,128.27,815.7375,95.7525,15.71,460.706875
184,111.29,113.39,111.01,112.93,282796,-0.171309383,2146.1,-0.88,-0.23,-0.35,801.4775,127.4025,806.33,95.0,15.6925,457.5525
185,113.5,113.56,112.34,113.05,227742,-0.175184625,2159.93,0.64,-0.07,-0.53,808.235,128.09,804.3325,96.1325,15.62,459.1975
186,113.1,114.64,113.08,113.85,276703,-0.179360033,2171.37,0.56,0.21,1.1,822.485,128.9925,807.07,97.035,15.4475,463.895625
187,113.85,113.95,111.8,112.19,339296,-0.183836147,2151.13,-0.98,-0.42,0.54,827.725,128.6175,806.4775,97.2875,15.56,465.026875
188,111.75,113.37,111.5,113.05,348308,-0.188613552,2168.27,0.88,0.38,0.35,833.4525,128.06,803.885,97.8725,15.49,465.8175
189,112.97,113.4,112.28,112.63,201197,-0.203965075,2161.2,-0.26,-0.03,-0.13,836.675,128.51,801.7425,100.7125,15.475,466.91
190,112.52,114.31,112.3,112.89,280343,-0.20882445,2150.49,-0.46,0.04,0.09,836.5575,128.5,802.895,102.9775,15.4925,467.7325
191,114.29,114.29,112.69,113.46,202434,-0.213512982,2159.73,0.58,0.28,0.78,839.77,128.3,804.0175,104.53,15.555,469.154375
192,113.25,114.34,112.8,113.81,268599,-0.21803128,2160.77,-0.06,-0.27,0.37,844.015,128.5525,803.39,105.3275,15.52,470.32125
193,113.8,114.56,113.51,113.93,230483,-0.222379932,2153.74,-0.38,-0.51,0.16,840.9175,128.8125,800.5925,103.955,15.3725,468.569375
194,114.15,116.75,113.59,116.36,339141,-0.234375179,2163.66,0.52,0.57,0.01,842.5475,129.8325,809.4525,103.5625,15.315,471.34875
195,116.41,119.0,115.75,116.49,606482,-0.237604421,2136.73,-1.3,-0.59,0.49,835.96,129.525,812.705,101.76,15.215,469.9875
196,116.85,117.98,116.05,117.23,357782,-0.24025868399999997,2139.18,0.06,-0.23,0.37,833.325,129.055,810.91,100.27,15.3375,468.39
197,116.9,117.44,115.72,116.98,335042,-0.24233831399999997,2132.55,-0.42,-0.68,-0.63,828.515,128.0725,803.6225,99.255,15.47,464.86625
198,117.23,118.17,116.67,117.6,323966,-0.24384358,2132.98,0.01,-0.36,0.57,828.6325,127.945,805.8125,101.1275,15.5325,465.879375
199,117.64,118.0,116.78,117.8,221954,-0.245284284,2126.5,-0.29,-0.05,0.14,818.8625,127.9,807.465,109.85,15.57,466.019375
200,117.9,118.5,117.2,117.41,223413,-0.245625242,2139.6,0.6,-0.16,0.03,819.3325,128.61,817.4125,118.3075,15.7075,470.915625
201,117.08,117.85,113.8,117.03,187197,-0.246154651,2144.29,0.25,0.04,0.91,818.02,129.37,824.41,120.3125,15.8725,473.028125
202,117.22,117.38,116.33,117.17,228038,-0.24687257899999998,2141.34,-0.16,-0.03,-0.11,813.485,130.13,826.235,122.61,15.7575,473.115
203,117.17,117.26,116.28,116.54,218773,-0.247779119,2141.16,0.02,-0.12,-0.32,814.2975,131.06,825.105,125.2025,15.4825,473.91625
204,116.67,117.74,116.6,117.7,218633,-0.251238831,2151.33,0.54,0.06,-0.16,830.5175,132.965,831.865,127.695,15.4675,480.760625
205,117.96,126.32,114.56,114.95,452231,-0.251942069,2143.16,-0.46,-0.58,0.23,837.6025,132.745,827.4825,126.9025,15.3475,481.183125
206,114.35,118.18,113.31,115.54,623653,-0.252268338,2139.43,-0.23,-0.85,0.74,829.1425,131.65,823.78,126.8625,15.19,477.85875
207,115.59,115.95,114.1,114.22,325499,-0.252217682,2133.04,-0.33,-0.96,0.6,794.23,130.6375,826.525,126.7275,15.1825,469.53
208,114.0,115.3,113.45,113.61,359429,-0.251790093,2126.41,-0.29,-0.1,0.1,777.4975,131.0275,825.52,126.47,15.235,465.12875
209,113.89,114.23,113.2,113.54,249981,-0.24841828600000002,2126.15,0.02,0.02,0.14,785.8275,131.53,815.7725,125.8125,15.2275,464.735625
210,113.78,115.15,110.53,111.4,403196,-0.247457567,2111.72,-0.68,-0.35,0.17,788.8225,130.385,806.9925,124.035,15.24,462.55875
211,111.2,117.63,110.7,110.91,249790,-0.246962443,2097.94,-0.73,-0.66,0.35,780.805,123.57,790.4175,117.2975,15.0375,453.0225
212,110.74,111.46,109.43,109.65,249633,-0.24621600600000002,2088.66,-0.4,-0.47,1.02,765.8225,121.4875,782.8025,121.7825,14.7225,447.97375
213,109.83,110.25,107.71,108.8,285553,-0.24521816100000002,2085.18,-0.12,0.86,-0.43,760.8525,120.465,781.095,122.2525,14.815,446.16625
214,110.65,110.81,109.46,110.34,299727,-0.240085794,2131.52,2.23,0.2,-0.16,777.6625,122.3025,798.8475,124.4625,14.8025,455.81875
215,110.26,111.72,109.7,111.46,222325,-0.237502045,2139.56,0.4,-0.08,-0.19,786.525,123.245,808.2275,124.7,15.0875,460.674375
216,107.99,111.32,107.7,111.0,538972,-0.23471610899999998,2163.26,1.46,1.83,0.99,768.65,121.9075,798.7775,121.35,15.6175,452.67125
217,111.54,112.0,105.83,107.7,526557,-0.231727624,2167.48,0.32,1.14,1.8,755.95,121.2825,792.6475,118.7575,15.68,447.159375
218,107.5,108.87,106.5,108.52,317147,-0.22853620100000002,2164.45,0.18,2.5,-0.04,739.125,119.63,771.7625,114.68,15.905,436.299375
219,108.78,108.85,104.08,105.5,469571,-0.21706075100000002,2164.2,0.21,0.58,1.43,730.0925,116.7625,761.215,113.64,16.1775,430.4275
220,105.87,107.68,105.6,107.11,294491,-0.211372687,2180.39,0.8,-0.55,0.15,732.82,116.565,766.35,114.2125,16.4375,432.486875
221,107.11,110.23,106.3,109.99,357876,-0.204477923,2176.94,-0.12,0.3,-0.56,742.4225,116.1225,775.8275,114.02,15.83,437.098125
222,109.99,110.35,108.83,109.85,265092,-0.196375562,2187.12,0.56,0.13,-0.13,753.4825,117.0875,784.925,115.3425,15.6,442.709375
223,109.54,111.0,109.13,110.27,241981,-0.18706455100000002,2181.9,-0.16,0.56,0.39,760.2775,117.805,780.195,114.85,15.35,443.281875
224,110.2,111.99,110.0,111.8,264092,-0.152188565,2198.18,0.77,-0.26,0.08,773.145,119.765,781.6275,116.9575,15.2725,447.87375
225,112.0,112.42,111.4,111.77,234873,-0.13846209199999998,2202.94,0.31,0.54,0.58,785.9725,121.85,787.3025,118.13,15.2625,453.31375
226,111.79,111.9,110.33,111.15,253974,-0.123630374,2204.72,0.16,0.52,0.18,781.68,120.9475,781.6275,117.7725,15.345,450.506875
227,110.71,112.0,110.45,111.75,106703,-0.090643343,2213.35,0.4,-0.08,-0.24,781.8975,120.6425,780.57,117.5625,15.6325,450.168125
228,111.65,112.47,111.18,111.5,240426,-0.033031462000000004,2201.72,-0.64,-0.77,0.07,772.02,120.51,785.135,116.7825,15.6525,448.611875
229,111.53,112.03,110.07,111.46,264540,-0.012251285,2204.66,0.11,-0.36,-0.07,765.765,121.0025,789.635,117.945,15.6225,448.586875
230,111.46,112.2,110.27,110.65,329658,0.009132921,2198.81,-0.25,-0.4,2.25,758.09,119.855,783.8975,118.0775,15.665,444.98
231,110.24,110.94,109.03,109.7,329803,0.031123936,2191.08,-0.36,-0.67,2.06,746.8125,116.59,767.6875,116.6875,15.7725,436.944375
232,109.3,110.09,108.76,109.84,228876,0.053007779000000005,2191.95,0.0,0.05,-0.32,742.205,114.985,763.6225,118.9475,15.825,434.94
233,110.01,110.56,108.25,109.11,292923,0.11079109,2204.71,0.75,1.1,0.28,753.3075,116.5925,773.35,120.2125,15.845,440.865625
234,109.34,110.45,109.1,109.93,240325,0.127884265,2212.23,0.48,0.63,0.23,762.635,117.3125,778.57,122.1675,15.66,445.17125
235,110.08,111.19,108.83,110.85,273945,0.143967164,2241.35,1.26,-0.63,0.52,765.28,117.425,783.5,124.7375,15.3275,447.735625
236,110.95,112.43,110.5,112.3,242010,0.159041879,2246.19,0.36,1.15,0.59,768.9225,118.45,793.5125,124.24,15.3775,451.28125
237,112.0,114.7,111.62,113.79,313158,0.17311037,2259.53,0.46,-0.28,0.12,768.2175,119.3275,802.38,123.115,15.49,453.26
238,113.42,115.0,112.49,113.13,240091,0.20925863100000003,2256.96,-0.3,-0.94,-0.1,762.4875,118.52,807.835,122.67,15.2425,452.878125
239,113.13,115.92,113.13,115.28,377164,0.219395888,2271.72,0.6,-0.51,-0.28,770.645,119.4,814.47,123.7725,15.1,457.071875
240,115.25,116.2,114.83,115.29,305815,0.22864895600000001,2253.28,-0.82,-0.36,-0.28,773.1075,120.3875,818.895,123.6075,15.1025,458.999375
241,115.02,116.73,114.68,115.9,274888,0.237019037,2262.03,0.46,0.37,0.28,765.1275,120.765,817.4125,124.85,15.0275,457.03875
242,115.53,116.53,115.35,115.92,369310,0.244507219,2258.07,-0.22,0.05,-0.41,760.555,120.3125,813.58,125.2,15.185,454.911875
243,115.82,117.38,115.6,116.64,227410,0.261537849,2262.53,0.22,0.31,0.09,763.24,119.5725,810.5325,124.79,15.0825,454.53375
244,116.5,117.5,116.27,116.96,185960,0.26482449999999996,2270.76,0.44,0.43,0.68,770.0,119.24,814.3,125.44,15.5275,457.245
245,116.87,117.4,116.66,117.0,167686,0.266702051,2265.18,-0.24,-0.38,0.23,770.02,118.895,812.58,125.985,15.7875,456.87
246,116.0,117.06,115.64,116.0,237129,0.267170746,2260.96,-0.3,-0.75,0.25,766.6975,118.105,809.36,126.16,15.8075,455.080625
247,115.91,116.56,115.59,116.55,130076,0.266230645,2263.79,0.19,0.56,-0.51,762.4,117.1,808.14,125.715,15.7775,453.33875
248,116.55,117.8,116.49,117.26,166674,0.248850595,2268.88,0.27,0.21,0.13,767.2125,117.65,810.3625,127.085,15.6875,455.5775
249,117.38,118.02,116.2,116.65,182568,0.240670651,2249.92,-0.87,-0.27,0.09,773.745,117.5075,808.1925,127.1525,15.885,456.649375
250,116.71,117.11,116.4,116.82,134914,0.23079366399999998,2249.26,-0.04,0.13,-0.31,768.77,116.69,802.935,125.425,16.0,453.455
251,117.0,117.29,115.43,115.59,271997,0.21921834899999998,2238.83,-0.52,-0.11,0.21,758.195,115.7175,797.9525,124.615,15.9,449.12
252,116.02,116.4,114.76,116.07,266845,0.16119483699999998,2257.83,0.83,-0.11,0.08,754.505,116.3975,803.0,126.015,15.775,449.979375
253,115.97,116.51,115.69,116.0,190895,0.146505221,2270.75,0.79,0.96,-0.15,756.595,118.15,808.8025,128.4775,15.835,453.00625
254,115.85,116.87,115.77,116.7,205716,0.131943861,2269.0,-0.21,-0.86,-0.8,769.3675,120.1525,809.5425,131.6025,16.06,457.66625
255,116.57,118.16,116.0,117.84,291787,0.117508864,2276.98,0.29,-0.63,-0.31,788.39,121.9775,819.9325,131.6625,16.2775,465.490625
256,118.0,119.43,117.51,118.91,311647,0.07492462,2268.9,-0.37,-0.27,-1.04,796.925,124.1975,826.4775,130.9325,16.1525,469.633125
257,119.15,119.38,118.3,119.15,224480,0.061020829000000006,2268.9,0.16,0.97,0.56,795.26,124.795,826.7625,130.5425,15.755,469.34
258,119.11,119.93,118.6,119.75,256184,0.047297282999999996,2275.32,0.31,-0.32,0.53,796.1425,125.0325,826.9825,130.255,15.6175,469.603125
259,119.6,119.6,118.21,119.19,251892,0.033752199,2270.44,-0.3,-0.57,-0.89,805.5,126.0975,827.4675,129.735,15.6025,472.2
260,119.18,119.62,118.81,119.02,228801,0.020383813,2274.64,0.29,0.63,-0.08,816.3725,127.9225,831.575,132.1675,15.9425,477.009375
261,118.74,120.24,118.22,119.96,311195,-0.031420693,2267.89,-0.49,-0.86,-0.59,811.1075,128.045,827.1375,134.0025,16.04,475.073125
262,120.0,120.5,119.71,119.98,211177,-0.043812743,2271.89,0.24,0.17,0.24,809.06,127.87,828.61,138.5125,16.065,476.013125
263,119.91,120.25,119.12,119.83,215633,-0.055938019000000005,2263.69,-0.38,-0.5,-0.04,809.6,127.8825,827.8675,141.1675,16.0725,476.629375
264,119.79,120.45,119.5,120.04,278012,-0.067798098,2271.31,0.33,0.06,0.18,810.4475,127.575,827.445,138.965,16.0125,476.108125
265,119.5,120.81,119.5,120.19,193253,-0.10198440199999999,2265.2,-0.29,-0.02,-0.3,812.1075,127.9975,836.8925,138.0225,15.9875,478.755
266,119.5,120.1,118.91,119.98,213152,-0.11372375400000001,2280.07,0.83,0.68,0.8,820.2325,129.205,847.36,138.905,15.685,483.925625
267,120.1,122.1,120.1,121.85,295955,-0.12594838,2298.37,0.84,0.15,0.35,831.4025,130.4975,855.38,140.1075,15.5425,489.346875
268,122.0,122.44,121.6,121.92,219394,-0.138659869,2296.68,-0.1,-0.62,0.38,837.4875,132.175,846.9575,139.5675,15.51,489.046875
269,121.87,122.35,121.02,121.55,183930,-0.151859875,2294.69,-0.12,0.03,-0.66,835.2125,132.0375,847.8825,140.7175,15.58,488.9625
270,121.03,121.9,120.66,121.85,282059,-0.193847517,2280.9,-0.68,-0.72,-0.41,828.4125,131.2425,831.295,140.96,15.955,482.9775
271,121.35,125.61,119.06,125.02,458691,-0.208347472,2278.87,0.0,0.88,-0.55,825.25,130.79,820.6275,140.8375,15.6225,479.37625
272,124.5,130.49,124.5,128.81,1024125,-0.223234111,2279.55,0.04,-0.05,0.02,830.415,133.34,819.2625,140.815,15.655,480.958125
273,128.5,129.39,127.78,128.05,299431,-0.23841408,2280.85,-0.02,-0.26,-0.31,820.61,132.4275,816.9325,139.83,15.4575,477.45
274,128.04,129.2,128.04,129.19,214409,-0.252693522,2297.42,0.82,0.55,0.64,809.0025,131.24,821.17,139.87,15.4475,475.320625
275,129.0,130.5,128.67,130.27,242884,-0.289696611,2292.56,-0.27,-0.57,-0.2,808.2175,131.395,818.9575,140.4075,15.5475,474.744375
276,130.25,132.09,129.95,131.48,331881,-0.299383199,2293.08,-0.01,-0.3,-0.51,810.9175,132.1375,826.81,142.6,15.29,478.11625
277,131.65,132.22,131.2,132.1,192381,-0.30761916100000003,2294.67,0.06,-0.24,-0.53,816.6575,133.0075,830.075,144.165,15.935,480.97625
278,131.97,132.47,131.12,132.45,241670,-0.314405568,2307.87,0.72,0.71,0.02,821.635,134.1525,830.3875,144.445,16.12,482.655
279,132.48,132.94,131.85,132.05,179836,-0.31974330300000003,2316.1,0.38,0.39,0.12,824.875,134.2775,833.845,144.6375,16.9825,484.40875
280,132.4,133.82,131.79,133.39,209620,-0.32717843399999996,2328.25,0.49,-0.32,0.32,834.0225,134.235,838.585,144.31,17.365,487.788125
281,133.07,135.49,133.0,135.44,283579,-0.327063615,2337.58,0.45,-0.23,0.33,835.345,133.695,839.3575,142.06,17.6025,487.614375
282,135.7,136.37,134.62,135.58,309935,-0.325730868,2349.25,0.54,0.19,-0.44,839.5075,133.55,839.15,141.43,17.89,488.409375
283,135.65,136.02,134.83,135.3,200902,-0.323180019,2347.22,-0.16,-0.21,-0.03,843.175,133.5175,839.185,141.825,18.0625,489.425625
284,135.49,135.83,134.8,135.67,207246,-0.319410738,2351.16,0.2,-0.01,-0.57,843.5775,133.5475,843.57,141.9575,18.4,490.663125
285,136.02,136.75,135.4,136.68,203753,-0.292329889,2365.38,0.6,-0.04,0.13,851.6975,133.6575,849.33,142.54,18.745,494.30625
286,136.65,137.41,136.11,137.19,178552,-0.283206935,2362.82,-0.15,-0.38,0.11,855.8275,135.0125,849.4975,143.1075,18.8075,495.86125
287,137.16,137.5,136.3,136.45,185974,-0.273295419,2363.81,-0.11,-0.68,0.26,854.465,135.5075,849.0875,143.145,18.84,495.55125
288,136.15,136.69,134.62,136.63,197658,-0.26259405199999997,2367.34,0.15,0.04,-0.92,843.8175,134.9225,846.69,142.4175,18.7625,491.961875
289,136.5,137.44,136.28,136.72,182502,-0.22518021800000002,2369.75,0.22,0.82,-0.34,846.955,136.01,846.9725,143.235,18.645,493.293125
290,137.07,137.44,136.7,137.05,203186,-0.209940105,2363.64,-0.42,-1.38,0.21,847.0775,135.8375,846.045,142.8175,18.3675,492.944375
291,137.25,140.15,137.25,139.99,318020,-0.193093779,2395.96,1.47,0.43,0.71,850.87,136.53,852.8175,142.5225,18.1375,495.685
292,140.0,140.28,138.61,139.0,240579,-0.175834877,2381.92,-0.7,-0.53,-0.88,851.1575,137.07,852.9975,141.005,18.405,495.5575
293,138.88,139.83,138.55,139.68,186122,-0.15860336,2383.12,0.09,-0.21,0.13,848.6525,136.82,848.005,139.5775,18.5375,493.26375
294,139.4,139.77,138.59,139.35,171065,-0.10730264699999999,2375.31,-0.38,-0.36,-0.1,845.7775,137.195,846.23,141.2475,18.5425,492.6125
295,139.05,139.98,138.79,139.36,154428,-0.09082554699999999,2368.39,-0.36,-0.29,-0.05,845.77,137.4575,848.2625,141.52,18.3375,493.2525
296,139.68,139.8,138.71,139.04,165484,-0.074780075,2362.98,-0.19,-0.1,-0.82,849.0925,137.6525,853.545,140.96,18.175,495.3125
297,139.24,139.31,137.05,138.85,199517,-0.059164145999999994,2364.87,0.04,-0.47,-0.28,852.55,137.9175,856.6425,140.465,18.215,496.89375
298,139.29,139.41,138.64,139.12,173525,-0.043975729000000005,2372.6,0.34,0.09,-0.39,854.165,138.81,861.5725,141.025,18.285,498.893125
299,138.92,139.43,138.62,139.25,148787,-0.000792701,2373.47,0.13,0.33,-0.02,853.615,139.1175,863.6125,142.0475,18.045,499.598125
300,139.0,139.65,138.84,138.95,135528,0.013249608999999999,2365.45,-0.36,-0.23,0.03,851.88,139.2125,864.5625,143.06,17.7575,499.67875
301,139.17,140.76,139.02,140.52,216605,0.027255169,2385.26,0.86,0.73,-0.42,852.0775,139.525,866.64,144.4425,17.725,500.67125
302,140.75,141.02,140.16,140.61,171021,0.04122580000000001,2381.38,-0.06,0.45,0.24,854.5275,140.06,869.8425,145.25,18.075,502.42
303,140.55,141.1,139.89,140.0,383153,0.055163319,2378.25,-0.08,0.62,-0.26,852.01,139.925,871.385,144.4675,18.52,501.946875
304,140.14,141.56,140.0,141.55,190718,0.09657733800000001,2373.47,-0.25,-0.07,-0.75,854.6175,139.8275,869.665,145.4275,18.56,502.384375
305,141.59,142.8,139.35,139.35,352675,0.10986440900000001,2344.02,-1.48,-1.34,-0.68,851.2275,139.795,860.13,144.5,18.605,498.913125
306,139.25,141.6,138.67,141.5,238385,0.122809208,2348.45,0.16,-0.3,-0.54,843.7925,138.755,849.8325,142.37,18.4675,493.6875
307,141.28,141.59,140.61,141.0,186233,0.135413418,2345.96,-0.03,0.69,0.46,847.8875,139.6375,842.6925,142.1725,18.52,493.0975
308,141.07,141.74,140.05,140.43,203203,0.14767867699999998,2343.98,-0.05,0.12,-0.24,847.555,140.32,837.275,142.0825,18.3475,491.808125
309,139.95,141.22,138.62,141.1,213971,0.18255660199999998,2341.59,-0.05,0.56,-0.52,842.4475,139.775,833.47,142.1725,17.9075,489.46625
310,141.14,144.04,140.62,143.7,309766,0.192877228,2358.57,0.72,-0.15,0.71,852.5275,141.095,839.2925,144.45,17.875,494.34125
311,143.7,144.49,143.19,144.25,250697,0.20216190399999998,2361.13,0.18,0.4,-0.06,867.6125,142.2875,847.4875,146.0125,17.9475,500.85
312,144.45,144.5,143.5,143.77,190331,0.21041183600000002,2368.06,0.36,0.33,0.93,875.015,142.3575,849.9425,147.31,18.485,503.65625
313,143.52,144.27,143.01,143.61,178868,0.21762809800000002,2362.72,-0.16,0.57,-0.3,881.7825,142.0175,847.55,147.815,18.62,504.79125
314,143.6,144.12,143.05,143.63,180514,0.234146792,2358.84,-0.28,-1.1,-0.11,889.315,141.88,853.1575,147.1875,18.765,507.885
315,143.35,144.89,143.17,144.87,177578,0.238479585,2360.16,0.05,-0.23,0.31,898.5575,141.825,850.965,146.15,18.4975,509.374375
316,144.7,145.46,143.25,143.52,249438,0.242218615,2352.95,-0.44,-0.79,-0.3,911.59,142.0275,851.8,144.68,18.2475,512.524375
317,143.63,144.52,143.45,143.7,190894,0.245364367,2357.49,0.32,0.69,0.5,904.9825,141.5325,848.3475,143.55,18.54,509.603125
318,143.51,144.18,143.22,143.43,150374,0.24791725,2355.54,-0.08,0.14,-0.26,895.965,140.835,843.64,143.3875,19.0425,505.956875
319,143.7,143.95,142.9,143.15,165411,0.25213566800000003,2357.16,0.08,0.1,0.1,901.3725,141.0725,842.8375,143.29,18.445,507.143125
320,142.9,143.35,140.06,141.49,275278,0.25273964600000004,2353.78,-0.05,0.81,0.25,905.285,140.2925,840.4575,143.745,18.21,507.445
321,141.93,142.25,141.01,141.94,188141,0.253057674,2344.93,-0.49,-0.84,-0.52,899.61,139.94,840.3075,144.425,18.2375,506.070625
322,141.85,142.38,141.0,141.06,160677,0.253089794,2328.95,-0.75,-0.23,-0.79,890.3325,139.605,839.9875,143.6425,18.38,503.391875
323,141.11,141.93,140.87,141.8,145408,0.250166801,2349.01,0.89,0.24,0.22,894.3775,140.6225,848.65,145.49,18.44,507.285
324,141.63,142.04,141.11,141.33,134188,0.24868843300000001,2342.19,-0.25,0.36,-0.16,903.205,141.195,853.81,145.51,18.525,510.93
325,141.4,142.0,140.45,140.92,148372,0.24703526399999998,2338.17,-0.08,0.6,-0.38,903.1875,141.9275,856.9825,141.53,18.6425,510.906875
326,141.0,142.92,141.0,142.42,215338,0.245207078,2355.84,0.83,0.52,0.26,901.3075,143.365,860.42,140.6775,18.84,511.4425
327,142.31,142.7,141.85,142.24,156146,0.243203637,2348.69,-0.28,0.1,-0.14,900.78,143.505,860.07,141.9625,19.0475,511.579375
328,144.01,144.2,142.27,143.78,156453,0.235835481,2374.15,1.18,0.17,0.51,909.3125,145.0125,873.5625,144.02,19.2925,517.976875
329,143.94,144.9,143.7,144.48,167682,0.23205706,2388.61,0.66,0.36,-0.05,905.895,146.0775,885.645,148.3775,18.67,521.49875
330,144.72,144.9,143.37,143.87,177379,0.227334173,2387.45,0.04,0.71,0.31,910.1025,146.705,889.2825,150.9675,18.7075,524.264375
331,143.75,144.16,143.31,143.9,128940,0.221666206,2388.77,0.05,-0.13,-0.96,934.975,148.1525,910.8175,151.7425,18.685,536.421875
332,143.96,144.3,143.27,143.9,174497,0.21505242300000002,2384.2,-0.3,-0.67,-0.59,937.885,150.1925,927.7925,152.5525,18.595,542.105625
333,144.01,147.2,143.65,146.8,288158,0.18999087,2388.33,0.21,0.27,-0.13,939.3475,151.6725,928.08,153.7175,18.5825,543.204375
334,146.58,149.0,143.81,144.8,381952,0.18081266,2391.17,0.03,-0.46,-0.21,947.81,152.635,935.365,155.685,18.795,547.87375
335,144.99,147.49,144.27,146.75,418788,0.171676262,2388.13,-0.19,-0.54,0.2,942.4375,150.24,940.53,155.6625,18.505,547.2175
336,146.88,147.45,145.81,146.6,208843,0.162580489,2389.52,0.02,-0.06,-0.36,940.7,150.19,953.0025,156.3375,18.555,550.0575
337,146.53,149.05,146.53,149.05,244884,0.153524158,2399.29,0.46,0.06,0.04,935.3675,150.605,953.895,157.17,18.2725,549.259375
338,149.18,153.7,148.8,153.2,441395,0.126858979,2399.38,-0.04,-0.27,0.28,942.715,150.6275,953.545,156.405,18.1825,550.823125
339,153.25,154.88,152.67,153.3,347840,0.11831755699999999,2396.92,-0.05,0.5,-0.79,952.5675,151.0025,958.5775,156.71,18.065,554.714375
340,153.58,153.99,152.11,153.4,229808,0.10989973900000001,2399.63,0.21,0.19,0.02,950.0925,150.47,954.77,158.725,18.3425,553.514375
341,153.29,154.07,152.31,153.88,210822,0.10160443,2394.44,-0.26,-0.36,-0.15,946.7425,150.5775,953.6975,159.19,18.45,552.551875
342,154.26,156.42,154.1,156.07,298985,0.09343055300000001,2390.9,-0.18,-0.29,-0.62,954.52,150.1075,955.3575,159.6225,18.2075,554.901875
343,156.7,157.0,155.05,155.66,232630,0.069815951,2402.32,0.53,0.25,0.2,961.1375,150.495,958.1825,160.585,18.005,557.6
344,155.9,156.26,154.56,154.66,173041,0.062264864,2400.67,-0.03,0.16,-0.1,963.075,149.915,962.83,159.59,17.9475,558.8525
345,154.75,155.47,149.71,150.93,453070,0.054788612,2357.03,-1.97,-0.89,-0.53,953.8975,146.96,951.5175,156.0725,18.3625,552.111875
346,150.5,153.34,149.61,152.65,309366,0.047386222,2365.72,0.4,0.05,-0.4,951.3675,146.175,946.0675,154.5625,18.385,549.543125
347,152.65,153.98,152.63,152.86,248482,0.040056732000000005,2381.73,0.7,-0.38,0.41,962.23,148.4075,955.175,156.6625,18.2925,555.61875
348,153.35,154.58,152.91,153.69,204948,0.018726654,2394.02,0.56,0.27,-0.3,966.125,148.1725,960.755,157.3,18.31,558.088125
349,154.03,154.99,153.31,153.69,178718,0.012647635,2398.42,0.18,-0.07,0.61,971.88,148.155,969.2775,157.5175,18.47,561.7075
350,154.05,154.2,152.67,153.25,175362,0.007374800000000001,2404.39,0.24,-0.15,-0.5,946.185,147.0875,945.1725,157.87,18.7075,549.07875
351,153.43,154.35,153.03,153.8,169792,0.0029074640000000002,2415.07,0.42,-0.27,-0.77,989.885,151.185,986.65,160.75,18.9175,572.1175
352,154.0,154.24,153.03,153.32,156088,-0.000754955,2415.82,0.06,-0.02,0.09,994.1575,151.8675,991.8125,162.445,18.9925,575.070625
353,153.6,154.43,153.15,153.6,171277,-0.009238624,2412.91,-0.19,-0.5,-0.32,998.335,152.285,994.4825,163.3125,18.97,577.10375
354,153.75,154.2,152.38,152.85,213931,-0.011110149,2411.8,-0.02,0.03,-0.56,994.2275,152.1325,991.095,163.03,18.9625,575.12125
355,153.0,153.7,152.22,153.18,142536,-0.013039081999999999,2430.06,0.95,0.98,0.03,996.2925,151.5225,988.18,163.29,18.8275,574.82125
356,153.64,155.45,152.89,155.35,253365,-0.015253918,2439.07,0.35,0.54,-0.8,1002.2625,152.5225,992.6,164.4075,18.8875,577.948125
357,154.4,155.45,153.46,154.0,224448,-0.022914663999999998,2436.1,-0.17,-0.45,0.0,1008.475,153.745,1000.6425,164.6575,19.015,581.88
358,154.0,155.81,153.28,154.54,239347,-0.025666500000000002,2429.33,-0.28,0.1,-0.07,1008.3325,153.435,1000.9325,165.2925,19.065,581.998125
359,154.67,155.98,154.48,155.35,192142,-0.028623832000000002,2433.14,0.15,-0.19,0.01,1007.035,153.16,1000.6175,165.4775,19.0525,581.5725
360,155.67,155.88,154.4,154.7,187507,-0.031787045,2433.79,0.18,1.16,0.92,1011.14,153.995,1003.04,165.8525,19.075,583.506875
361,155.0,155.35,146.02,148.96,590866,-0.03515655,2431.77,-0.12,0.01,2.38,982.0975,151.6,983.7725,161.635,19.25,569.77625
362,147.89,147.93,142.51,145.6,650312,-0.046178033,2429.39,-0.11,-0.27,0.35,966.0,147.815,956.65,154.005,19.5275,556.1175
363,146.85,147.45,145.15,146.9,289299,-0.049684572999999996,2440.35,0.55,0.09,-0.14,975.745,149.9475,969.6125,152.9275,19.585,562.058125
364,146.98,147.5,143.84,144.6,281512,-0.053036295,2437.92,-0.17,-0.47,-0.55,978.3875,150.6025,969.175,152.73,19.4875,562.72375
365,143.9,144.49,142.21,144.49,289487,-0.056233633,2432.46,-0.3,-0.24,-0.12,960.6425,148.565,953.945,150.73,19.5425,553.470625
366,144.7,144.76,142.17,142.45,431869,-0.059277005,2433.15,-0.03,-0.23,-0.18,976.07,150.01,958.4875,152.1675,19.545,559.18375
367,143.1,146.74,143.1,146.71,288931,-0.067521308,2453.46,0.86,0.12,-0.75,999.195,152.1375,973.165,153.6725,19.25,569.5425
368,147.0,147.29,144.94,145.09,221433,-0.07028778599999999,2437.03,-0.73,-0.4,-0.51,997.44,152.8525,973.945,152.965,19.0475,569.300625
369,144.68,146.07,144.35,145.89,194239,-0.073203201,2435.61,-0.07,-0.04,-1.69,997.29,152.8875,974.0775,153.54,18.645,569.44875
370,146.09,146.7,145.11,145.64,172310,-0.076267933,2434.5,0.02,0.52,-0.42,1002.1125,153.715,977.79,154.8725,18.53,572.1225
371,145.95,147.16,145.06,146.38,261646,-0.07948238099999999,2438.3,0.24,0.83,-0.51,1003.005,154.115,981.205,156.2625,18.425,573.646875
372,146.77,148.28,145.38,145.88,235803,-0.089761351,2439.07,0.04,-0.06,0.69,1000.415,154.7475,982.1175,158.01,18.0775,573.8225
373,145.21,146.16,143.32,143.4,226919,-0.09287825300000001,2419.38,-0.84,-0.4,1.33,986.45,152.06,956.3525,153.95,18.3625,562.203125
374,142.75,146.11,141.7,145.85,198830,-0.09571322300000001,2440.69,1.02,0.75,0.21,981.775,151.6425,951.445,152.1,18.4375,559.240625
375,145.79,145.8,142.28,143.39,288038,-0.09826663199999999,2419.7,-0.83,-0.11,1.38,981.955,151.6775,946.9325,151.6825,18.645,558.061875
376,143.95,145.69,143.44,143.85,198248,-0.10053881,2423.41,0.14,-0.09,-0.24,973.645,150.975,935.59,149.975,18.6875,552.54625
377,144.72,145.31,143.1,143.51,125804,-0.106308985,2429.01,0.24,0.35,1.21,963.595,149.9075,925.7525,148.0425,18.7325,546.824375
378,143.58,144.79,142.72,144.0,190624,-0.11109359699999999,2432.54,0.12,-0.7,-0.57,962.445,149.3275,925.01,146.9075,18.8175,545.9225
379,143.58,143.58,142.41,142.65,213058,-0.113937611,2409.75,-0.95,-0.5,0.11,965.4075,149.385,927.9975,146.1,18.58,547.2225
380,142.4,144.75,142.4,144.26,165735,-0.117083245,2425.18,0.7,0.42,-0.41,971.38,150.0925,936.94,148.33,18.8625,551.685625
381,144.83,145.95,143.37,144.95,192558,-0.12813728,2427.43,0.05,-0.43,-0.09,991.01,152.7425,947.7,151.6375,18.8825,560.7725
382,144.93,145.85,144.35,145.55,161939,-0.132403626,2425.53,0.0,0.38,-0.53,994.275,154.285,949.855,153.5125,19.06,562.981875
383,145.8,146.28,144.82,145.45,212086,-0.137080637,2443.25,0.72,0.13,-0.53,1001.7325,157.2175,963.1225,157.0575,19.2175,569.7825
384,145.76,148.49,145.43,147.14,231497,-0.142168921,2447.83,0.17,-0.06,0.37,1003.3825,159.095,970.7,158.5575,19.3775,572.93375
385,147.45,149.33,146.8,149.04,183578,-0.14766914,2459.27,0.42,-0.13,-0.51,1001.3075,159.685,974.2325,159.915,19.4175,573.785
386,149.2,150.9,148.57,149.75,207795,-0.166345316,2459.14,0.0,0.21,0.13,1007.22,159.9975,978.5875,169.6575,19.2025,578.865625
387,149.51,150.25,148.67,150.18,158720,-0.172970216,2460.61,0.04,-0.3,-0.33,1016.24,161.495,981.71,180.48,18.82,584.98125
388,150.35,151.42,149.75,150.79,186739,-0.179783859,2473.83,0.59,0.53,0.03,1026.75,164.1175,991.4225,184.2175,18.5175,591.626875
389,151.05,151.74,150.19,150.37,149375,-0.18678713,2473.45,-0.01,0.05,-0.01,1023.6525,164.235,992.8525,183.87,18.635,591.1525
390,150.32,150.44,148.88,150.13,208644,-0.19398094100000002,2472.54,-0.08,-0.42,-0.28,1023.5,164.4325,990.7075,186.5025,18.2575,591.285625
391,150.1,152.44,149.9,151.87,193254,-0.216638776,2469.91,-0.03,0.12,-0.2,1032.1725,165.0675,986.3625,188.4375,18.115,593.01
392,151.93,153.84,151.75,152.88,167176,-0.224598587,2477.13,0.38,0.37,0.92,1037.87,165.115,970.5075,187.4225,17.94,590.22875
393,153.04,153.93,153.04,153.83,142702,-0.232824417,2477.83,-0.06,-0.36,-0.7,1052.315,166.9975,968.42,188.3775,17.7175,594.0275
394,153.99,154.39,147.3,150.0,299408,-0.241317334,2475.42,-0.14,-0.62,0.45,1040.2,172.0225,957.855,185.695,17.83,588.943125
395,149.49,150.23,149.19,149.48,154287,-0.250078443,2472.1,-0.17,-0.06,0.24,1018.315,171.24,952.86,183.265,17.9425,581.42
396,149.75,150.33,148.0,148.11,172713,-0.277835616,2470.3,-0.11,-0.33,0.44,1004.965,170.6125,952.4475,183.0125,17.8475,577.759375
397,149.05,159.9,148.41,159.5,319969,-0.28750658100000004,2476.35,0.24,-0.24,0.18,998.415,170.285,949.915,182.7125,17.6,575.331875
398,159.22,160.0,156.16,157.04,634211,-0.297410929,2477.57,-0.08,-1.18,0.15,996.0225,169.3275,944.835,181.31,17.66,572.87375
399,157.4,157.4,155.02,155.56,239015,-0.306876449,2472.16,-0.21,-0.33,-0.29,992.2275,168.9875,944.04,179.84,17.6575,571.27375
400,155.7,157.4,155.57,156.65,188575,-0.315904373,2476.83,0.25,0.3,0.36,987.1575,169.325,944.275,179.765,17.615,570.130625
401,157.1,158.92,156.06,158.75,195829,-0.340254903,2480.91,0.16,-0.09,-0.6,991.5075,170.9775,945.84,180.8,17.8375,572.28125
402,158.75,161.83,158.27,159.54,326600,-0.347699849,2474.92,-0.24,-0.09,0.21,989.7425,171.5675,944.2825,175.875,18.625,570.366875
403,159.38,161.29,158.73,161.2,234864,-0.354987875,2474.02,-0.14,-0.76,-0.1,983.0275,170.64,940.1775,173.555,19.02,566.85
404,160.26,160.4,154.37,154.65,355699,-0.36211992600000004,2438.21,-1.49,-0.3,0.25,967.2225,168.625,931.4575,171.4425,18.8875,559.686875
405,154.95,158.58,154.21,157.42,237321,-0.36909693200000004,2441.32,0.2,0.24,-0.88,959.4475,167.4725,925.4475,169.705,18.9975,555.518125
406,158.6,160.21,158.35,160.14,203919,-0.38871216399999997,2465.84,1.03,0.26,0.06,980.5875,169.8375,937.5325,170.5,18.93,564.614375
407,160.33,162.2,160.11,161.4,262268,-0.39439068200000005,2464.61,-0.11,-0.85,-0.04,985.03,170.94,939.4425,169.9925,18.9125,566.35125
408,161.85,162.51,160.15,160.78,242971,-0.39962570700000005,2468.11,0.18,-0.13,-0.45,980.8675,170.5,943.8525,168.63,19.1475,565.9625
409,160.84,160.88,157.84,158.02,250598,-0.404417918,2430.01,-1.59,-0.17,-0.15,967.595,168.3425,935.3625,167.86,19.2975,559.79
410,157.8,159.5,156.72,157.3,244881,-0.40876793899999997,2425.55,-0.15,0.14,0.21,959.395,167.325,927.0575,167.06,19.2875,555.209375
411,157.45,157.89,155.11,157.2,236602,-0.41906839799999995,2428.37,0.06,-0.25,-0.22,954.5875,167.165,923.7825,166.6425,19.1475,553.044375
412,157.8,160.0,157.6,159.86,192118,-0.421620486,2452.51,1.07,-0.02,-0.25,961.725,168.7675,933.6325,168.45,19.0625,558.14375
413,159.86,160.47,158.79,159.41,169622,-0.423800214,2444.04,-0.32,0.1,0.4,959.325,168.855,940.9625,168.4975,19.1675,559.41
414,159.8,160.74,158.55,159.32,172706,-0.425607866,2438.97,-0.14,0.6,0.18,953.9125,168.145,939.5675,168.675,19.2525,557.575
415,159.5,160.56,159.27,159.6,183227,-0.427043677,2443.05,0.18,0.13,0.58,950.97,167.115,935.81,167.135,19.3675,555.2575
416,159.76,162.0,159.65,160.2,230754,-0.428952257,2444.24,0.08,0.35,-0.74,944.55,166.5075,927.3225,166.545,19.28,551.23125
417,160.2,163.3,159.5,163.3,269235,-0.426664316,2446.3,0.1,0.14,-0.39,944.6125,166.7925,927.1225,167.285,19.4,551.453125
418,163.81,163.89,162.61,163.38,243597,-0.421936351,2457.59,0.53,0.02,-0.32,962.39,169.0425,940.385,171.7875,19.4325,560.90125
419,163.5,164.52,163.25,164.2,239986,-0.41476774899999996,2471.65,0.62,0.47,-0.42,975.6625,171.1075,951.125,175.1275,19.6075,568.255625
420,164.38,164.94,163.63,164.04,150793,-0.405157576,2476.55,0.27,0.41,0.44,980.9725,172.11,955.05,175.1375,19.8975,570.8175
421,164.0,164.39,160.56,162.03,269075,-0.34840146200000005,2457.85,-0.81,0.1,-0.95,971.235,171.1325,946.6875,174.4,20.01,565.86375
422,162.42,162.99,160.52,161.5,192613,-0.332804586,2465.54,0.28,-0.03,0.13,966.9825,171.24,940.145,176.825,19.86,563.798125
423,162.0,162.24,160.36,161.28,197068,-0.317141469,2465.1,-0.07,0.15,-0.93,975.205,172.165,945.8025,179.125,19.6475,568.074375
424,161.14,161.46,158.53,158.59,258538,-0.301410073,2461.43,-0.16,0.04,0.36,971.51,172.055,945.55,177.995,19.595,566.7775
425,160.41,162.05,159.89,161.66,283750,-0.252748917,2488.11,1.08,-0.12,0.63,976.505,172.8675,945.5675,179.8125,19.41,568.688125
426,162.45,163.96,158.77,160.98,655081,-0.23516649399999998,2496.48,0.43,0.25,0.71,981.2525,173.1625,944.6075,183.5,19.32,570.630625
427,160.41,160.6,157.91,159.44,403894,-0.216984701,2498.37,0.11,0.31,0.36,991.0925,172.7675,948.4875,184.2375,19.0075,574.14625
428,159.49,159.69,157.66,157.75,205620,-0.19820117199999998,2495.62,-0.12,-0.04,-0.07,994.9425,171.7,943.5,183.085,19.0,573.306875
429,158.2,160.97,158.0,160.08,417554,-0.178813465,2500.23,0.19,0.28,0.12,989.265,171.3225,937.735,182.86,19.12,570.295625
430,160.22,160.65,157.99,158.7,227243,-0.11648330800000001,2503.87,0.24,0.37,0.2,981.89,171.09,932.405,183.8375,19.305,567.305625
431,158.85,159.77,158.31,158.42,164009,-0.093661744,2506.65,0.15,-0.28,0.35,973.55,171.405,933.24,185.09,19.2875,565.82125
432,158.42,159.15,153.83,156.25,422898,-0.069747694,2508.24,0.16,0.23,0.52,970.2425,172.065,943.325,185.3325,19.075,567.74125
433,156.05,156.2,152.75,153.02,337300,-0.044738049,2500.6,-0.28,0.1,0.37,968.2375,171.5275,946.3575,187.2325,18.855,568.33875
434,153.25,153.3,150.56,151.97,420872,-0.018629556000000002,2502.22,0.12,0.44,0.13,958.465,170.3875,944.645,188.2075,19.01,565.42625
435,150.99,152.2,149.16,150.57,401033,0.066365325,2496.66,-0.25,0.31,0.63,944.9975,166.3425,934.5775,182.89,18.7075,557.201875
436,150.59,153.92,150.59,153.37,315642,0.096730551,2496.84,0.05,0.39,0.13,940.75,163.995,938.075,179.2,18.53,555.505
437,153.71,154.72,153.1,154.06,229707,0.127997323,2507.04,0.63,1.39,0.17,948.2975,166.52,952.285,181.6025,18.455,562.17625
438,154.23,154.45,152.7,153.27,199175,0.160169707,2510.06,0.13,0.16,-0.07,954.2,168.1175,961.735,181.085,18.445,566.284375
439,153.27,154.2,152.0,154.12,235519,0.193251886,2519.36,0.35,-0.12,-0.27,961.2325,170.15,971.1525,181.4925,18.3875,571.006875
440,154.12,154.5,152.72,153.75,167592,0.297111841,2529.12,0.5,0.84,0.16,960.145,170.2875,970.7925,179.66,18.1275,570.22125
441,153.77,155.09,153.75,154.5,146091,0.330179853,2534.58,0.26,-0.03,-0.02,957.71,169.9275,968.75,178.625,18.3,568.753125
442,154.5,154.82,152.46,153.54,181632,0.361371293,2537.74,0.05,-0.28,-0.45,959.7725,169.3625,969.885,182.5875,18.2175,570.401875
443,153.64,155.44,153.4,155.24,190320,0.39069021600000003,2552.07,0.55,-0.34,0.35,973.9775,169.8375,977.09,189.785,18.16,577.6725
444,155.3,155.72,154.56,155.37,147441,0.418140436,2549.33,-0.08,-0.08,-0.25,985.18,171.3275,988.345,196.2925,18.0725,585.28625
445,155.07,156.73,155.03,155.65,131842,0.48979208799999996,2544.73,-0.22,-0.28,-0.05,992.96,172.94,994.5575,198.0725,17.94,589.6325
446,155.72,158.0,155.1,155.73,130723,0.510280756,2550.64,0.24,-0.01,0.42,989.36,172.1675,989.7275,195.6975,17.1525,586.738125
447,155.78,156.98,155.6,156.43,137356,0.52891747,2555.24,0.16,-0.2,-0.22,991.5575,172.095,997.515,195.04,16.9125,589.051875
448,156.4,157.37,155.72,155.8,136848,0.5457046520000001,2550.93,-0.18,0.04,-0.51,999.535,172.87,1006.145,195.98,17.1975,593.6325
449,156.2,157.28,156.0,156.95,135714,0.560644485,2553.17,0.04,-0.22,0.11,1004.455,173.6175,1010.3175,198.84,17.24,596.8075
450,158.14,160.0,157.35,159.96,206844,0.594875655,2557.64,0.17,-0.28,0.37,1005.955,174.5025,1008.2125,203.1,17.2175,597.9425
451,159.96,160.87,159.23,160.48,164576,0.6034222570000001,2559.36,0.01,-0.33,-0.28,1007.445,175.4025,1009.4175,202.5925,17.565,598.714375
452,160.63,160.9,158.01,158.3,140861,0.610630555,2561.26,0.14,0.31,0.22,1006.6525,176.2575,1011.62,197.7375,17.515,598.066875
453,158.5,158.5,155.02,155.6,353669,0.616501486,2562.1,0.02,-0.38,0.17,989.56,174.7075,1004.485,194.0125,17.9975,590.69125
454,156.2,157.75,155.96,156.24,193939,0.621035813,2575.21,0.57,-0.07,0.28,988.06,175.125,1005.1675,194.9825,18.0975,590.83375
455,156.25,157.69,155.5,156.08,169654,0.626600195,2564.98,-0.45,-0.42,0.12,974.9175,173.43,995.7925,193.315,18.2725,584.36375
456,155.3,157.42,154.93,156.7,145537,0.625704777,2569.13,0.2,-0.18,0.47,972.28,172.04,986.4925,194.2975,18.4025,581.2775
457,156.94,157.55,155.27,156.55,167543,0.62341047,2557.15,-0.51,-0.01,0.11,975.7325,170.9675,988.235,195.0,18.44,582.48375
458,156.62,157.95,156.62,157.93,140931,0.619716976,2560.4,0.2,0.04,0.22,1012.2375,172.15,1010.765,195.6275,18.6875,597.695
459,158.13,163.6,158.02,162.77,386420,0.614623815,2581.07,0.82,-0.02,-1.01,1072.3975,175.715,1033.68,198.09,18.83,619.970625
460,163.5,168.07,163.14,166.97,379392,0.590978271,2572.83,-0.46,-0.8,-0.06,1105.0775,179.06,1030.5075,198.9675,18.7125,628.403125
461,167.0,169.65,166.94,169.0,301279,0.580347093,2575.26,0.23,0.81,-0.22,1108.625,180.2275,1033.5225,197.3825,19.21,629.939375
462,169.5,170.19,165.61,166.72,288681,0.5683407420000001,2579.36,0.05,-0.8,0.15,1104.2325,181.7125,1039.645,197.5225,19.7975,630.778125
463,166.8,174.35,165.28,173.38,360902,0.556684623,2579.85,0.06,-0.03,0.49,1095.95,179.5975,1039.5275,198.5375,19.955,628.403125
464,173.55,175.95,171.12,172.4,527972,0.545036281,2587.84,0.31,-0.42,-0.69,1101.4475,178.6,1045.3025,199.5675,20.0875,631.229375
465,173.0,174.99,171.72,174.2,288527,0.5101326389999999,2591.13,0.06,0.2,0.19,1116.3075,179.4975,1046.7025,200.0425,20.445,635.6375
466,174.2,175.25,173.6,174.4,199076,0.498809932,2590.64,-0.2,-1.36,-0.37,1122.9275,180.01,1048.445,198.6775,20.3475,637.515
467,174.4,177.1,174.2,176.75,194631,0.48778727899999996,2594.38,0.12,0.06,-0.62,1127.4625,179.705,1055.07,195.97,19.9225,639.551875
468,176.3,176.69,173.14,176.0,242313,0.477063245,2584.62,-0.41,-0.02,0.22,1126.3625,178.8975,1047.5975,194.2775,19.835,636.78375
469,175.42,175.48,174.27,174.56,173741,0.466636437,2582.3,0.01,0.05,-0.38,1126.3625,178.645,1044.21,192.62,19.655,635.459375
470,174.7,175.0,173.4,173.82,139538,0.43683605799999997,2584.84,0.09,-0.3,0.02,1128.8225,178.4025,1042.6625,193.33,19.5775,635.804375
471,174.18,174.18,170.5,171.5,204326,0.42658929799999995,2578.87,-0.22,-0.13,0.0,1131.5675,178.295,1039.68,194.9125,19.57,636.11375
472,170.44,170.68,168.38,169.35,235143,0.41592749799999995,2564.62,-0.52,-0.05,0.24,1128.9,177.7675,1035.5725,193.5525,19.75,633.948125
473,170.06,171.87,170.06,171.24,175383,0.404849271,2585.64,1.01,0.85,-0.52,1134.9325,179.2425,1045.245,194.9475,19.94,638.591875
474,171.29,171.39,169.64,169.94,174614,0.39335317799999997,2578.85,-0.14,0.74,0.29,1132.9,179.3175,1042.285,194.355,20.09,637.214375
475,169.9,170.7,169.56,170.01,126793,0.356758236,2582.14,0.21,0.56,0.0,1128.035,178.835,1035.42,193.5075,19.78,633.949375
476,170.32,173.7,169.91,173.05,192484,0.344208292,2599.03,0.67,0.41,-0.35,1133.6125,180.38,1044.3375,195.76,20.4225,638.5225
477,173.2,175.0,173.05,174.98,195607,0.331449893,2597.08,-0.05,0.1,-0.03,1150.075,181.3025,1051.7275,195.805,20.5475,644.7275
478,175.0,175.64,174.64,174.89,94903,0.30530106100000004,2602.42,0.21,0.02,-0.45,1174.8525,181.75,1055.035,196.3925,20.5925,652.0075
479,174.86,175.5,173.34,173.81,162365,0.26467049,2601.42,-0.06,-0.37,0.03,1197.515,182.8775,1064.735,195.13,20.66,660.064375
480,173.95,174.87,171.86,173.06,207347,0.250845303,2627.04,1.06,0.39,0.86,1195.5675,182.9225,1067.78,196.8575,20.8775,660.781875
481,172.74,173.35,167.16,169.1,348090,0.236820781,2626.07,0.02,0.04,1.44,1174.6775,178.5175,1048.2275,192.905,20.775,648.581875
482,169.2,172.14,168.44,171.49,248699,0.222595099,2647.58,0.82,-0.56,-0.51,1171.2925,176.6325,1038.5825,188.4325,20.505,643.735
483,170.95,171.67,168.5,171.0,295334,0.208166409,2642.22,-0.22,-0.37,0.37,1166.1025,175.455,1026.865,187.155,20.915,638.894375
484,172.23,172.73,169.36,169.6,260889,0.165126462,2639.44,-0.1,-0.35,1.23,1152.0775,173.7675,1021.1,184.975,21.045,632.98
485,169.45,171.52,168.4,170.01,219454,0.15068996099999998,2629.57,-0.43,-0.44,-0.24,1140.2775,172.12,1016.125,184.1825,21.04,628.17625
486,168.96,170.21,166.46,169.42,225650,0.136157298,2629.27,-0.09,-0.45,-0.52,1147.07,174.2825,1027.0,184.505,20.9375,633.214375
487,169.65,170.44,168.91,169.5,205638,0.121526584,2636.98,0.42,0.25,-0.17,1158.4575,178.315,1041.13,185.5225,20.6425,640.85625
488,169.95,171.0,168.82,169.37,183188,0.10679591599999999,2651.5,0.51,-0.44,-0.13,1164.31,180.1975,1049.9675,187.535,20.4775,645.5025
489,169.8,172.89,168.79,172.78,283276,0.062140262,2659.99,0.26,-0.4,-0.14,1164.4225,179.46,1051.4375,187.6325,20.3525,645.738125
490,172.26,172.68,171.46,171.55,155433,0.047507680999999996,2664.11,0.07,-0.52,0.52,1167.1775,177.91,1052.3425,186.08,19.885,645.8775
491,171.74,173.54,171.51,172.57,188292,0.033127396,2662.85,0.02,0.71,-0.88,1166.265,177.9175,1051.1,186.9125,19.9075,645.54875
492,172.51,173.13,171.65,172.44,166905,0.018997537,2652.01,-0.47,-0.69,-0.21,1169.695,178.8125,1057.21,189.035,19.53,648.688125
493,172.5,174.15,172.11,174.12,348186,0.005116267,2675.81,0.92,0.68,0.03,1176.945,179.4575,1062.2575,189.6875,19.7875,652.086875
494,174.24,177.2,174.24,176.59,235802,-0.03526048,2690.16,0.67,0.75,0.26,1189.1625,180.545,1079.7375,190.1875,20.3075,659.908125
495,175.38,175.39,174.09,174.64,219460,-0.048674042,2681.47,-0.3,-0.36,-0.26,1189.0375,179.95,1079.9925,188.615,20.425,659.39875
496,175.1,175.42,173.25,174.24,181620,-0.062150124,2679.25,0.01,0.36,0.05,1181.8325,178.8475,1076.915,187.74,20.585,656.33375
497,174.0,176.02,173.82,175.16,161919,-0.07569048,2684.57,0.24,0.27,0.63,1175.1525,177.695,1073.0875,188.8825,20.79,653.704375
498,175.18,175.43,174.5,175.0,122881,-0.089296869,2683.34,-0.07,-0.23,-0.2,1170.3775,177.1825,1069.6825,189.06,20.655,651.575625
499,174.5,174.5,169.67,170.6,286281,-0.144234806,2680.5,-0.07,0.34,-0.06,1170.7825,176.215,1065.185,187.765,20.595,649.986875
500,171.11,171.11,169.71,170.65,176098,-0.15811831199999998,2682.62,0.05,-0.13,-0.19,1180.95,177.065,1063.3875,186.8875,20.5425,652.0725
501,170.76,171.85,170.48,170.84,136427,-0.17208656600000002,2687.54,0.22,0.12,0.04,1187.155,178.1725,1058.8375,190.2175,20.4575,653.595625
502,170.8,171.35,169.01,169.1,197951,-0.186141387,2673.61,-0.57,-0.3,0.02,1178.43,177.35,1054.5775,192.8475,20.2375,650.80125
503,169.1,172.3,169.0,172.3,227106,-0.24300127,2695.81,0.85,0.36,-0.22,1177.9,179.025,1064.25,197.1775,20.065,654.588125
504,172.66,174.55,171.91,172.0,237711,-0.255816931,2713.06,0.59,-0.39,-0.21,1195.855,183.0975,1083.9525,203.9175,20.035,666.705625
505,172.4,173.47,172.08,173.33,180667,-0.267188503,2723.99,0.42,-0.26,0.24,1209.695,185.0025,1097.455,205.78,19.595,674.483125
506,172.7,175.24,172.7,175.07,187556,-0.277117463,2743.15,0.66,-0.34,-0.26,1220.67,185.98,1106.24,208.2425,19.27,680.283125
507,175.1,175.61,173.93,174.8,158295,-0.298250783,2747.71,0.19,-0.16,0.07,1240.9075,187.515,1113.18,210.735,19.6275,688.084375
508,174.79,175.06,173.41,174.0,176614,-0.303223839,2751.29,0.15,-0.36,-0.03,1250.5225,187.935,1113.2325,210.755,19.9125,690.61125
509,173.9,174.45,172.5,174.45,196765,-0.307572345,2748.23,-0.07,0.07,0.58,1249.8125,187.1825,1108.8175,209.965,19.7825,688.944375
510,174.48,175.49,174.0,175.24,151576,-0.31129686300000003,2767.56,0.87,1.16,0.29,1267.3225,187.94,1112.0125,215.575,19.8025,695.7125
511,175.7,177.38,175.4,177.35,184725,-0.314397881,2786.24,0.66,-0.3,0.17,1292.1275,182.7125,1122.7625,219.4375,19.585,704.26
512,177.4,179.39,175.7,175.75,248837,-0.318002088,2776.42,-0.49,-1.02,-0.02,1311.685,180.0825,1136.0875,221.675,19.7675,712.3825
513,174.21,179.45,173.2,179.45,280871,-0.31531614,2802.56,0.95,-0.02,-0.15,1301.48,178.055,1134.355,219.1775,19.785,708.266875
514,179.26,180.1,176.25,178.94,251469,-0.311082115,2798.03,-0.18,-0.5,-0.25,1294.6725,178.865,1135.53,218.93,19.9725,706.999375
515,178.9,179.77,177.41,178.68,218272,-0.30529946,2810.3,0.57,0.94,-0.07,1301.0125,180.9125,1139.55,221.215,20.105,710.6725
516,177.89,177.92,176.6,177.35,211856,-0.278753048,2832.97,0.77,-0.34,-0.14,1315.6425,183.4075,1154.93,234.8125,20.4725,722.198125
517,177.8,179.44,176.5,177.2,274507,-0.267564464,2839.13,0.22,0.14,-0.33,1349.2775,187.525,1171.93,250.1275,20.835,739.715
518,177.25,177.98,173.2,174.16,427422,-0.255517846,2837.54,-0.13,-0.8,0.39,1362.665,188.3325,1175.875,255.7925,20.63,745.66625
519,174.69,175.23,170.53,171.75,342417,-0.242611627,2839.25,0.07,0.17,-0.49,1370.1775,187.45,1178.7825,266.205,20.1225,750.65375
520,172.01,172.73,170.06,171.39,327445,-0.22884412899999998,2872.87,1.11,-0.62,-0.5,1393.97,188.56,1183.5775,272.245,19.63,759.588125
521,171.49,172.6,167.07,168.09,398964,-0.181761098,2853.53,-0.62,-0.02,-0.26,1414.71,187.8925,1188.86,279.725,19.445,767.796875
522,168.0,168.0,164.7,167.08,392289,-0.163702237,2822.43,-1.06,0.11,-0.17,1420.1875,185.7775,1180.6825,279.8,19.4925,766.611875
523,166.5,168.45,165.55,166.86,255997,-0.14453909199999998,2823.81,-0.07,-0.72,0.06,1456.895,187.29,1182.1475,276.1475,19.3675,775.62
524,168.0,174.25,162.55,173.49,381389,-0.124269169,2821.98,0.03,0.1,0.51,1452.64,191.4725,1158.2175,269.0925,19.84,767.855625
525,171.55,172.33,160.0,160.02,737266,-0.104228925,2762.13,-2.13,0.03,-0.27,1452.6825,191.46,1131.055,265.7575,20.14,760.23875
526,160.0,163.88,155.37,155.42,608542,-0.050656585999999997,2648.94,-4.03,0.78,-0.56,1393.925,184.4375,1086.595,258.475,20.3275,730.858125
527,155.61,163.72,154.0,162.86,550175,-0.034408537999999995,2695.14,1.67,-0.51,-0.23,1402.95,181.58,1064.0975,257.19,20.555,726.454375
528,161.65,163.4,158.76,158.9,409336,-0.018859584,2681.66,-0.37,0.51,0.27,1429.59,182.16,1064.4,265.5525,20.3425,735.425625
529,159.8,161.0,155.03,156.25,433110,-0.004007703,2581.0,-3.68,0.83,0.47,1388.3125,176.58,1033.88,258.6775,20.655,714.3625
530,156.51,157.89,150.24,156.74,543160,0.010149038,2619.55,1.36,-0.62,0.11,1336.6675,173.2425,1027.8825,249.0175,21.52,696.7025
531,157.65,163.89,157.0,162.65,458969,0.04838291,2656.0,1.36,-0.43,-0.29,1368.9575,176.0175,1056.015,255.3,21.95,714.0725
532,162.65,164.75,161.43,164.1,266231,0.05913319,2662.94,0.31,0.05,-0.23,1398.885,175.0,1053.2325,258.0575,22.165,721.29375
533,165.0,168.93,161.79,168.93,329474,0.068636607,2698.63,1.52,0.26,0.46,1431.3825,176.515,1063.51,263.7225,22.315,733.7825
534,169.6,173.3,168.87,173.3,447937,0.076894395,2731.2,1.21,-0.14,-0.65,1458.9075,179.4575,1084.175,274.8325,22.2375,749.343125
535,173.35,174.82,171.77,171.95,344892,0.08390763,2732.22,0.03,0.36,0.13,1458.5675,178.7725,1098.2675,280.005,22.145,753.903125
536,171.1,174.26,170.18,172.23,291157,0.103340799,2716.26,-0.62,-0.36,-0.26,1457.8825,176.5025,1100.805,279.92,22.2175,753.7775
537,171.9,174.11,170.42,170.55,311703,0.107806493,2701.33,-0.43,0.78,0.2,1480.37,177.525,1113.6575,281.56,22.3025,763.278125
538,170.55,173.95,170.0,173.02,268722,0.112204469,2703.96,0.01,0.04,-0.39,1486.15,178.435,1112.835,279.675,22.185,764.27375
539,173.3,175.75,173.25,175.48,282591,0.116535297,2747.3,1.54,-0.36,-0.14,1495.63,181.5925,1120.46,282.585,22.3,770.066875
540,176.0,179.39,175.91,179.05,322822,0.12927616,2779.6,1.12,-0.49,-0.07,1514.9425,184.445,1137.61,290.7475,22.2125,781.93625
541,179.02,180.48,178.16,178.75,332757,0.133729855,2744.28,-1.25,-0.2,0.01,1520.3225,183.04,1130.3175,293.535,22.155,781.80375
542,178.71,180.62,178.06,178.49,281872,0.13835942,2713.83,-1.1,-0.4,-0.31,1519.2775,180.485,1114.04,292.72,22.3625,776.630625
543,179.37,179.78,172.66,175.19,413333,0.143165459,2677.67,-1.18,1.01,-0.04,1505.565,177.4725,1088.89,290.54,22.3675,765.616875
544,174.37,176.3,172.2,176.05,325633,0.148232797,2691.25,0.7,1.16,-0.5,1486.7525,175.7375,1071.935,294.4725,22.3,757.224375
545,176.1,177.74,174.52,176.89,230149,0.164231465,2720.94,1.06,-0.39,0.25,1508.4925,178.51,1087.805,307.305,22.6375,770.528125
546,177.37,178.25,173.4,173.94,202621,0.169541285,2728.12,0.36,0.67,0.1,1523.5275,179.4275,1092.48,319.4975,22.735,778.733125
547,175.0,175.85,174.27,174.9,261639,0.17474253899999997,2726.8,0.05,0.8,-0.45,1531.765,180.6025,1102.2275,319.065,22.615,783.415
548,175.0,177.12,174.9,177.07,197289,0.17983590100000002,2738.97,0.37,-0.49,-0.33,1549.22,183.0225,1123.6425,319.5675,22.89,793.863125
549,177.07,180.0,176.5,179.85,257860,0.184822034,2786.57,1.7,-0.27,0.28,1566.0225,183.6775,1144.255,324.885,23.08,804.71
550,180.1,182.39,180.1,181.89,281157,0.199308343,2783.02,-0.09,0.46,-0.06,1594.385,185.0075,1166.7575,327.0775,22.64,818.306875
551,181.5,183.5,179.01,179.82,269306,0.20403882399999998,2765.31,-0.67,0.09,-0.01,1595.0225,183.235,1154.2725,318.9925,22.53,812.880625
552,180.05,181.08,177.81,178.6,250332,0.208667252,2749.48,-0.53,0.23,-0.54,1597.9925,183.0825,1149.4675,319.9475,22.8625,812.6225
553,178.43,180.24,178.07,179.0,187992,0.213194227,2747.33,-0.18,-0.41,0.31,1590.7775,183.6725,1149.6925,321.635,23.0475,811.444375
554,178.65,179.12,177.62,178.15,233533,0.21762034,2752.01,0.25,0.46,0.2,1578.53,184.53,1143.4625,320.81,22.9125,806.833125
555,177.0,177.47,173.66,174.75,267591,0.230462031,2712.92,-1.38,0.34,0.41,1547.1675,177.0,1107.4125,314.36,23.035,786.485
556,175.51,176.8,174.94,175.37,159017,0.234553106,2716.94,0.15,-0.07,-0.38,1568.93,167.915,1097.935,315.7525,23.4075,787.633125
557,175.0,175.51,171.27,171.77,303369,0.23844602399999998,2711.93,-0.06,0.75,0.45,1580.4475,168.135,1096.6375,317.1475,23.1025,790.591875
558,171.3,172.68,167.55,167.7,347483,0.242141291,2643.69,-2.54,0.5,-0.46,1547.9975,166.2725,1063.3475,310.505,22.615,772.030625
559,168.11,169.92,164.92,165.15,322725,0.24563938800000001,2588.26,-2.09,0.2,-0.2,1516.5925,161.925,1040.425,304.27,21.7975,755.803125
560,166.85,173.1,166.44,173.0,282622,0.255217987,2658.55,2.67,-0.69,0.02,1532.565,156.3775,1042.67,312.5575,20.8625,761.0425
561,173.3,175.15,167.0,168.75,334708,0.258802414,2612.62,-1.87,-0.24,0.39,1535.3275,156.27,1035.3475,311.0,21.16,759.48625
562,167.9,170.02,165.19,166.85,327682,0.262799613,2605.0,-0.35,0.11,0.65,1451.79,152.8025,1004.26,293.0025,21.4725,725.46375
563,167.8,171.75,166.9,168.17,259621,0.26721010100000003,2640.87,1.41,-0.29,-0.21,1423.625,157.37,1025.3575,288.9225,21.1375,723.81875
564,167.6,168.94,164.47,166.58,294366,0.28861812,2581.88,-2.29,-0.14,0.39,1398.065,157.5175,1019.63,285.775,20.93,715.246875
565,167.5,168.75,164.88,168.0,236945,0.293309718,2614.45,1.24,-0.05,0.17,1381.835,155.305,1013.755,283.0525,21.125,708.486875
566,165.75,172.01,163.59,171.98,278635,0.297002718,2644.69,1.17,0.32,-0.31,1386.2625,155.98,1016.76,283.6675,21.2825,710.6675
567,173.01,174.24,169.19,169.59,222113,0.29969759999999995,2662.84,0.75,0.03,0.48,1430.9,158.65,1029.7725,290.34,21.8275,727.415625
568,170.81,172.48,168.2,168.49,264873,0.301394715,2604.47,-2.19,0.4,-0.06,1422.32,158.08,1018.625,290.59,21.915,722.40375
569,170.14,173.09,169.6,170.14,236306,0.300746656,2613.16,0.3,-0.15,-0.5,1416.31,157.985,1026.7075,293.135,22.2575,723.534375
570,172.23,174.0,171.59,172.9,236439,0.298829749,2656.87,1.77,0.4,-0.12,1428.56,161.6425,1031.905,295.94,22.65,729.511875
571,172.5,173.93,171.51,172.72,182511,0.29604542300000003,2642.19,-0.49,0.92,-0.31,1433.8875,165.6325,1028.2825,302.84,22.6225,732.660625
572,172.5,175.0,172.0,173.98,192731,0.292393317,2663.99,0.84,-0.22,0.19,1438.7775,165.42,1034.895,307.9775,22.3975,736.7675
573,173.99,175.84,173.85,174.77,195639,0.287872956,2656.3,-0.37,0.02,-0.25,1439.3275,164.3775,1039.855,312.53,22.495,739.0225
574,175.09,176.34,174.83,176.1,192149,0.269211081,2677.84,0.82,0.08,-0.04,1440.1225,164.9475,1044.3375,317.5975,22.4975,741.75125
575,176.51,178.94,176.41,178.23,205122,0.260744952,2706.39,1.09,0.16,-1.18,1479.8,167.025,1069.2425,331.525,22.3725,761.898125
576,178.74,178.82,176.88,178.2,172431,0.250825518,2708.64,0.13,0.24,0.02,1531.775,167.7175,1080.03,335.72,22.2275,778.810625
577,177.3,177.3,172.5,172.6,297036,0.239451487,2693.13,-0.49,-0.46,1.08,1557.21,167.0125,1083.2525,332.3925,22.19,784.966875
578,172.3,173.12,165.43,166.1,534469,0.226621381,2670.14,-0.81,0.06,0.62,1541.1425,166.9875,1082.8175,330.44,22.045,780.346875
579,166.02,167.26,164.09,165.15,305878,0.18007309999999999,2670.29,-0.05,-0.08,0.2,1526.6025,166.4125,1084.0425,323.795,22.02,775.213125
580,165.99,166.33,161.22,163.08,279019,0.162743651,2634.56,-1.3,0.52,0.98,1495.6225,163.185,1049.26,313.3275,22.0575,755.34875
581,163.1,165.42,161.84,164.99,236514,0.144595482,2639.4,0.1,-0.34,0.01,1462.9925,164.9225,1029.205,305.19,22.1875,740.5775
582,164.5,165.73,163.37,164.83,224838,0.125626231,2666.94,0.96,-0.41,-0.85,1555.6,172.41,1039.155,312.9025,22.21,770.016875
583,164.8,165.16,160.63,162.17,307313,0.105833434,2669.91,0.01,-0.27,0.07,1601.4725,175.0,1040.715,313.535,22.17,782.680625
584,162.7,167.26,161.84,166.25,324534,0.041536272,2648.05,-0.8,0.03,-0.08,1578.3625,173.315,1027.905,313.6175,22.145,773.3
585,166.2,178.0,165.27,175.29,459352,0.018291129,2654.8,0.24,0.22,-0.53,1575.805,172.8975,1028.8025,311.9725,22.5625,772.369375
586,174.36,177.75,173.66,176.5,563183,-0.005310685999999999,2635.67,-0.63,1.26,-0.28,1580.215,175.675,1034.765,313.8025,22.6475,776.114375
587,176.24,177.5,174.44,177.0,285245,-0.027634011,2629.73,-0.25,-0.5,-0.17,1565.83,174.805,1022.56,310.995,22.29,768.5475
588,177.5,184.25,177.47,184.1,487827,-0.048681750999999995,2663.42,1.3,0.03,-0.23,1575.7175,175.225,1037.2825,315.135,22.0975,775.84
589,184.46,187.67,184.23,184.95,373757,-0.103969069,2672.63,0.42,0.42,-0.36,1595.06,177.915,1057.52,324.0075,22.035,788.625625
590,185.16,186.22,183.66,186.0,231366,-0.119318496,2671.92,0.07,0.48,0.26,1592.98,178.15,1058.895,325.745,21.32,788.9425
591,186.36,187.51,185.22,187.48,193523,-0.133011532,2697.79,0.89,-0.19,0.24,1601.5,180.885,1077.42,329.4525,20.6625,797.314375
592,187.44,190.37,187.2,189.85,233792,-0.145049958,2723.07,0.84,-0.43,-0.04,1609.68,184.195,1098.6775,329.995,20.5675,805.636875
593,189.6,190.06,187.45,188.55,194568,-0.155435338,2727.72,0.19,0.11,-0.37,1606.7125,186.1425,1102.5825,328.1825,20.935,805.905
594,189.02,189.53,187.82,187.82,162751,-0.17684944,2730.13,0.05,-0.35,0.11,1605.0225,187.0575,1108.465,328.0775,21.1825,807.155625
595,187.44,188.55,185.0,185.8,185335,-0.18092587,2711.45,-0.55,0.68,0.41,1585.64,184.7475,1093.6975,326.3525,21.33,797.609375
596,186.16,188.46,185.5,188.15,157899,-0.18348197,2722.46,0.5,0.7,-0.24,1583.655,183.6675,1086.8175,327.17,21.325,795.3275
597,187.75,188.91,186.36,186.95,140587,-0.184518073,2720.13,0.02,0.9,0.25,1584.485,183.2,1082.96,326.69,21.125,794.33375
598,187.19,187.82,186.13,186.41,145330,-0.18403431399999998,2712.97,-0.23,0.56,-0.58,1580.1875,183.3275,1074.045,325.0075,21.1025,790.641875
599,187.21,189.27,186.91,187.59,149320,-0.173497995,2733.01,0.72,-0.21,0.43,1584.6275,184.055,1082.05,329.2225,20.9875,794.98875
600,187.92,188.88,186.78,187.25,116551,-0.167364921,2724.44,-0.42,-0.75,0.59,1585.205,184.3,1082.4875,333.385,20.94,796.344375
601,185.99,188.81,184.65,188.65,150668,-0.160106742,2733.29,0.29,0.05,-0.71,1583.0025,184.555,1075.1925,336.8625,20.9975,794.903125
602,188.69,189.02,186.21,188.5,151662,-0.151722512,2727.76,-0.16,0.34,-0.31,1601.32,186.2725,1082.5,347.7275,21.395,804.455
603,188.78,189.65,187.65,188.73,138500,-0.14221114199999998,2721.33,-0.21,0.23,-0.4,1607.0675,185.3525,1085.68,350.425,21.9975,807.13125
604,188.31,188.75,186.7,187.7,175763,-0.091974,2689.86,-1.03,1.32,-1.03,1607.255,184.805,1071.9075,351.025,22.22,803.748125
605,188.2,188.62,186.78,187.17,146290,-0.07610244099999999,2724.01,1.31,0.06,0.35,1621.215,186.8525,1074.1525,351.8625,22.3225,808.520625
606,187.9,188.23,186.14,186.97,177022,-0.058923107999999995,2705.27,-0.7,0.07,-0.4,1629.09,190.045,1093.1325,352.8375,22.195,816.27625
607,187.53,190.5,187.4,190.49,190429,-0.040433769,2734.62,1.06,-0.22,-0.13,1637.5375,193.145,1120.7625,356.955,21.8925,827.1
608,190.76,193.42,190.68,192.35,219694,0.012051875,2746.87,0.48,0.17,-0.46,1656.8325,192.97,1146.2325,360.905,21.925,839.235
609,192.21,193.94,191.83,193.3,176881,0.028224838999999998,2748.8,0.16,0.82,-0.41,1683.995,193.2375,1153.7075,365.09,22.0825,849.0075
610,193.5,194.13,191.92,193.85,156448,0.043681727000000004,2772.35,0.86,-0.34,0.17,1699.95,191.1175,1147.255,367.1725,21.94,851.37375
611,194.25,194.45,192.33,193.14,194134,0.058424548,2770.37,-0.14,-0.29,0.92,1692.125,189.47,1137.79,364.1725,21.84,845.889375
612,191.75,192.0,188.19,192.0,240795,0.072455221,2779.03,0.31,0.08,-0.4,1677.865,187.5675,1130.2525,358.4025,21.575,838.521875
613,191.6,191.97,190.21,191.05,162139,0.110472665,2782.0,0.12,0.18,-0.16,1686.345,190.235,1138.31,362.385,21.6275,844.31875
614,191.49,192.62,191.0,192.5,148937,0.12189361,2786.85,0.23,0.24,-0.61,1697.51,192.3025,1145.6225,361.71,21.3625,849.28625
615,192.5,192.88,190.44,190.65,185284,0.132651644,2775.63,-0.33,0.1,-0.21,1705.2625,192.6925,1148.755,371.975,21.0625,854.67125
616,190.63,191.57,190.22,190.6,184352,0.142748165,2782.49,0.27,0.32,-0.99,1714.75,194.4,1153.5475,387.675,21.135,862.593125
617,190.18,191.2,187.68,188.8,515945,0.152184486,2779.66,-0.08,0.04,-0.24,1717.89,196.0425,1158.69,392.53,21.5475,866.288125
618,188.32,189.22,187.2,188.33,159453,0.176683649,2773.75,-0.09,0.74,0.09,1713.8275,196.555,1167.8475,389.165,21.985,866.84875
619,187.0,187.3,183.45,185.75,281095,0.183771061,2762.59,-0.38,0.56,-0.18,1717.6425,196.2775,1172.0275,394.8725,21.885,870.205
620,186.6,187.8,185.73,187.51,184892,0.19034451,2767.32,0.23,0.73,-0.52,1749.9975,200.3025,1188.29,414.4575,21.775,888.261875
621,187.33,188.35,184.94,185.08,191336,0.19640485100000002,2749.76,-0.73,-0.63,0.32,1741.515,201.695,1176.12,417.09,21.515,884.105
622,185.8,186.62,184.7,184.94,197207,0.201952873,2754.88,0.11,0.01,0.44,1726.57,201.24,1168.335,414.7275,21.115,877.718125
623,184.5,184.92,180.73,182.17,265690,0.215528551,2717.07,-1.48,-0.56,0.55,1679.2825,197.8225,1143.5225,395.9375,21.015,854.14125
624,183.3,186.53,182.54,184.57,216573,0.219107907,2723.06,0.27,0.61,-0.19,1681.3525,198.0825,1137.24,395.445,20.85,853.03
625,183.89,187.72,182.5,184.64,223314,0.222253306,2699.63,-1.02,-0.99,0.39,1677.415,197.655,1125.1925,398.645,20.3575,849.726875
626,184.77,186.21,183.42,185.75,152071,0.224965159,2716.31,0.58,-0.19,-0.51,1684.0,196.0425,1121.2625,394.2125,20.4025,848.879375
627,186.46,187.3,182.91,185.1,197898,0.22724381800000001,2718.37,0.07,-0.19,-0.24,1709.805,196.07,1131.79,395.975,20.4775,858.41
628,183.87,187.3,183.42,187.25,153709,0.23194576,2726.71,0.36,0.45,-0.34,1698.8025,194.5325,1127.5325,391.3325,20.405,853.05
629,187.27,187.99,183.54,183.96,125256,0.233143137,2713.22,-0.44,0.76,0.09,1709.3675,194.1475,1132.68,395.0625,20.24,857.814375
630,184.45,186.41,184.28,184.85,146154,0.23480138,2736.61,0.87,0.42,-0.4,1699.8,195.9375,1133.065,395.4925,19.84,856.07375
631,184.85,188.44,184.6,188.35,155046,0.235262462,2759.82,0.88,0.08,-0.38,1705.4075,200.5275,1146.9825,403.3525,19.6725,864.0675
632,189.0,191.1,188.8,190.54,175087,0.23586879300000002,2784.17,0.93,-0.37,0.78,1729.1475,204.2825,1163.7325,416.025,19.6425,878.296875
633,190.57,191.28,188.62,188.68,134539,0.236600057,2793.84,0.21,-0.81,-0.08,1738.0,203.1275,1164.1775,415.4075,19.8175,880.178125
634,188.6,189.78,187.61,188.0,161149,0.23764273600000002,2774.02,-0.69,0.0,-0.52,1741.21,202.5675,1166.7725,414.1425,19.8875,881.173125
635,188.47,191.41,188.35,191.09,160744,0.238996965,2798.29,0.86,-0.33,-1.08,1779.875,205.23,1189.8225,414.0625,19.815,897.2475
636,191.2,191.84,190.8,191.37,111816,0.24066291899999998,2801.31,0.08,-0.11,-0.29,1806.63,207.465,1203.1825,405.055,19.84,905.583125
637,192.0,192.65,189.63,189.97,133324,0.247671615,2798.43,-0.16,-0.73,0.84,1813.3875,206.575,1190.24,371.8125,20.04,895.50375
638,189.9,191.87,189.2,191.73,136067,0.250896412,2809.55,0.48,0.24,-0.68,1827.655,207.4975,1199.9325,363.6575,20.215,899.685625
639,192.05,192.4,189.93,190.53,133507,0.254605722,2815.62,0.27,-0.25,0.61,1844.8125,209.7025,1204.7975,379.385,19.99,909.674375
640,190.2,192.55,189.69,192.18,174235,0.258800028,2804.49,-0.34,0.97,-0.37,1827.8925,208.8625,1205.8025,370.0575,19.8025,903.15375
641,192.49,192.5,190.17,191.33,180092,0.263479875,2801.83,-0.1,-0.17,0.08,1820.975,209.65,1202.1925,363.85,19.4625,899.166875
642,190.85,192.09,189.56,191.89,143082,0.280405933,2806.98,0.15,-0.24,0.38,1804.4775,212.0075,1231.965,360.6225,19.5975,902.268125
643,192.1,193.67,191.51,192.9,163020,0.286943553,2820.4,0.22,-1.38,0.52,1824.8475,214.63,1258.0625,360.99,19.59,914.6325
644,193.01,194.85,191.7,192.85,149635,0.293912399,2846.07,0.83,-0.39,-1.21,1836.565,192.9825,1258.4325,355.995,19.3175,910.99375
645,192.82,195.96,192.82,194.6,168390,0.301313377,2837.44,-0.2,0.64,0.61,1826.1125,179.28,1273.96,360.165,19.5275,909.879375
646,194.6,195.19,190.21,190.32,143055,0.309147451,2818.82,-0.82,-1.37,1.15,1846.5875,176.76,1269.79,359.8375,19.8275,913.24375
647,191.0,192.2,189.07,190.14,181991,0.335283553,2802.6,-0.7,-0.25,1.66,1800.3825,171.9175,1239.92,345.105,20.02,889.33125
648,190.33,198.0,189.34,197.95,338107,0.344623721,2816.29,0.51,0.79,-0.96,1779.01,172.125,1230.4875,336.3175,19.995,879.485
649,197.29,201.92,196.65,201.67,606062,0.354140733,2813.36,-0.13,0.09,-0.29,1790.795,172.635,1234.4825,339.605,20.1975,884.379375
650,199.9,208.38,199.69,207.09,555984,0.363466621,2827.22,0.67,0.37,-0.73,1813.9775,173.66,1231.3675,341.2275,20.2975,890.058125
651,206.6,208.74,205.48,207.93,286374,0.37173242799999995,2840.35,0.31,-1.06,0.55,1831.6025,177.445,1240.3975,344.2475,20.64,898.423125
652,208.07,209.25,207.07,209.06,224609,0.390466143,2850.4,0.46,0.27,-0.32,1836.0925,181.93,1237.395,346.835,21.475,900.563125
653,209.25,209.87,206.76,206.88,225698,0.39495519100000004,2858.45,0.29,0.01,-0.13,1857.8725,185.8775,1252.6575,352.8775,22.5875,912.32125
654,206.8,207.81,204.55,207.0,189558,0.398555685,2857.7,-0.04,-0.13,0.22,1873.9525,185.115,1261.0975,350.105,23.3325,917.5675
655,206.9,209.78,206.45,208.84,204138,0.401268092,2853.58,-0.05,0.34,-0.32,1894.09,184.75,1264.49,348.6425,23.665,922.993125
656,207.9,209.1,206.67,207.7,200791,0.403092765,2833.28,-0.6,0.42,-0.23,1889.3775,181.2975,1256.07,346.8875,23.59,918.408125
657,206.7,210.96,206.6,209.1,229370,0.403361474,2821.93,-0.46,-0.15,-0.31,1898.7275,180.1775,1253.9725,343.115,23.6925,918.998125
658,210.01,210.56,208.26,209.85,163441,0.40172160700000004,2839.96,0.69,0.32,0.2,1914.775,180.6025,1254.4125,339.8375,23.535,922.406875
659,210.0,210.74,208.0,210.15,248401,0.39915993,2818.37,-0.91,-0.54,-0.14,1900.695,179.1975,1239.36,330.145,23.615,912.349375
660,210.7,213.82,210.7,212.99,242028,0.395676109,2840.69,0.86,-0.07,0.27,1893.7025,177.4825,1233.01,325.545,23.165,907.435
661,213.5,217.95,212.8,217.53,303920,0.391269693,2850.13,0.3,0.08,0.04,1879.3875,174.0575,1216.7075,318.725,23.0125,897.219375
662,218.25,219.35,215.11,215.52,258908,0.372661969,2857.05,0.25,0.12,0.17,1881.43,173.175,1220.035,322.51,22.445,899.2875
663,216.1,217.19,213.75,213.77,225722,0.36477388899999996,2862.96,0.33,0.88,0.15,1880.2125,172.515,1219.5425,334.395,21.7425,901.66625
664,214.0,216.36,213.84,215.25,166623,0.356021395,2861.82,0.05,0.41,-0.45,1893.1525,172.97,1220.1075,341.3925,20.7575,906.905625
665,215.25,217.05,214.6,215.7,161890,0.346403351,2856.98,-0.19,-0.05,-0.33,1907.61,173.6775,1224.5025,343.2225,21.0575,912.253125
666,216.3,216.9,215.11,216.3,155092,0.335918503,2874.69,0.62,-0.05,-0.51,1908.8875,173.85,1230.3025,350.95,21.125,915.9975
667,216.78,218.74,216.33,218.16,177637,0.299340179,2896.74,0.74,-0.69,-0.12,1922.145,176.78,1250.08,365.1,22.485,928.52625
668,218.3,220.54,217.94,219.88,198172,0.28525388100000004,2897.52,-0.01,-0.12,-0.29,1934.3675,177.2025,1250.9175,366.3425,22.3975,932.2075
669,220.25,223.75,219.41,223.75,239806,0.27008211,2914.04,0.56,-0.04,-0.59,1971.025,176.0175,1257.9825,367.7625,22.535,943.196875
670,224.0,228.26,222.21,225.0,422351,0.25382289199999997,2901.13,-0.41,0.3,-0.43,2003.6875,176.9625,1257.58,368.9475,21.745,951.794375
